Order_ID,Order_Date,Ship_Date,Region,City,Customer_Segment,Sales_Channel,Product_ID,Quantity,Discount,Sales,Shipping_Cost
ORD-100001,2025-06-24,2025-06-29,West,Cardiff,Home Office,B2B Sales,P-009,4,0.05,491.6,9.5
ORD-100002,2025-05-10,2025-05-14,West,Birmingham,Home Office,Retail Store,P-003,3,0,334.36,11.4
ORD-100003,2025-07-19,2025-07-24,East,Norwich,Small Business,Online,P-014,5,0.15,102.14,4.05
ORD-100004,2025-02-23,2025-02-26,West,Birmingham,Corporate,Online,P-010,9,0,51.08,5.13
ORD-100005,2024-10-28,2024-11-03,South,Bristol,Corporate,Online,P-002,7,0,1584.26,20.6
ORD-100006,2025-03-15,2025-03-16,West,Liverpool,Small Business,Retail Store,P-004,4,0,417.15,8.22
ORD-100007,2024-05-16,2024-05-21,West,Cardiff,Corporate,B2B Sales,P-008,1,0,193.72,3.45
ORD-100008,2025-09-10,2025-09-12,West,Liverpool,Small Business,Online,P-015,11,0.2,55.97,5.67
ORD-100009,2025-03-15,2025-03-19,East,Peterborough,Corporate,Online,P-003,4,0.15,357.37,8.22
ORD-100010,2024-10-30,2024-11-03,South,Brighton,Corporate,Online,P-008,4,0.2,705.26,9.5
ORD-100011,2024-02-03,2024-02-04,North,Newcastle,Home Office,B2B Sales,P-015,4,0,22.92,3.78
ORD-100012,2025-12-08,2025-12-14,North,Manchester,Home Office,B2B Sales,P-011,5,0.1,89.84,4.05
ORD-100013,2024-12-21,2024-12-24,North,Newcastle,Small Business,Online,P-007,3,0.25,177.03,4.95
ORD-100014,2025-08-28,2025-09-02,North,Manchester,Home Office,B2B Sales,P-010,13,0,73.23,6.21
ORD-100015,2024-08-31,2024-09-05,West,Cardiff,Corporate,B2B Sales,P-010,9,0,51.12,5.13
ORD-100016,2024-03-28,2024-04-02,North,Manchester,Corporate,Retail Store,P-007,3,0,159.77,8.25
ORD-100017,2024-11-06,2024-11-10,South,Brighton,Small Business,Online,P-015,5,0.1,38.8,6.75
ORD-100018,2025-07-01,2025-07-02,East,Cambridge,Corporate,Retail Store,P-006,2,0.1,180.98,4.2
ORD-100019,2025-05-10,2025-05-15,South,London,Home Office,Online,P-013,8,0,100.68,4.86
ORD-100020,2024-02-04,2024-02-05,North,Newcastle,Home Office,B2B Sales,P-001,3,0,818.4,6.84
ORD-100021,2024-12-11,2024-12-16,West,Birmingham,Corporate,Online,P-013,5,0.15,77.35,6.75
ORD-100022,2025-06-18,2025-06-22,North,Newcastle,Small Business,Online,P-005,1,0,54.36,3.45
ORD-100023,2024-08-20,2024-08-21,East,Peterborough,Small Business,B2B Sales,P-004,2,0,215.64,9.1
ORD-100024,2024-11-09,2024-11-15,North,Leeds,Home Office,Online,P-009,1,0.2,131.57,3.45
ORD-100025,2025-04-20,2025-04-22,West,Liverpool,Corporate,B2B Sales,P-013,7,0,87.34,4.59
ORD-100026,2025-06-22,2025-06-28,South,Brighton,Home Office,Online,P-011,7,0,105.51,7.65
ORD-100027,2025-08-07,2025-08-13,North,Newcastle,Home Office,Online,P-013,11,0.05,119.24,9.45
ORD-100028,2024-07-09,2024-07-15,South,Bristol,Home Office,Retail Store,P-003,2,0,208.22,9.1
ORD-100029,2025-03-20,2025-03-26,East,Norwich,Small Business,Retail Store,P-015,13,0,72.32,10.35
ORD-100030,2024-07-19,2024-07-24,West,Cardiff,Corporate,Online,P-007,2,0,100.74,7
ORD-100031,2024-10-17,2024-10-19,West,Birmingham,Corporate,B2B Sales,P-006,4,0,540.23,5.7
ORD-100032,2024-05-01,2024-05-06,East,Cambridge,Home Office,B2B Sales,P-001,2,0,563.76,9.1
ORD-100033,2025-08-06,2025-08-12,North,Manchester,Home Office,Retail Store,P-006,2,0,212.29,4.2
ORD-100034,2025-09-26,2025-09-29,North,Newcastle,Home Office,Online,P-013,6,0,82.26,4.32
ORD-100035,2025-06-04,2025-06-06,South,Brighton,Small Business,Retail Store,P-007,2,0.15,103.72,4.2
ORD-100036,2024-06-21,2024-06-23,East,Peterborough,Corporate,B2B Sales,P-003,2,0.15,194.03,9.1
ORD-100037,2024-01-19,2024-01-25,East,Norwich,Home Office,Online,P-005,3,0,139.54,4.95
ORD-100038,2025-08-01,2025-08-03,East,Norwich,Home Office,Online,P-002,1,0,183.76,4.08
ORD-100039,2025-05-31,2025-06-02,West,Liverpool,Home Office,B2B Sales,P-012,14,0,125.02,6.48
ORD-100040,2025-09-14,2025-09-20,North,Leeds,Small Business,B2B Sales,P-011,12,0.25,138.78,9.9
ORD-100041,2025-07-27,2025-08-01,West,Birmingham,Home Office,B2B Sales,P-012,16,0,124.22,7.02
ORD-100042,2024-05-14,2024-05-20,West,Birmingham,Corporate,Retail Store,P-011,12,0.1,168.75,9.9
ORD-100043,2025-05-27,2025-06-02,West,Cardiff,Small Business,Online,P-008,2,0,403.52,4.2
ORD-100044,2025-04-29,2025-05-05,West,Cardiff,Corporate,Retail Store,P-012,5,0,39.51,4.05
ORD-100045,2025-11-21,2025-11-22,South,London,Home Office,B2B Sales,P-003,2,0,289.05,9.1
ORD-100046,2025-07-03,2025-07-07,South,London,Small Business,Retail Store,P-005,3,0.1,134.59,4.95
ORD-100047,2024-08-01,2024-08-04,North,Manchester,Corporate,B2B Sales,P-005,4,0,189.62,9.5
ORD-100048,2024-12-25,2024-12-29,East,Peterborough,Corporate,Online,P-013,11,0.15,167.62,5.67
ORD-100049,2025-04-17,2025-04-20,East,Cambridge,Corporate,Retail Store,P-009,3,0,360.26,4.95
ORD-100050,2025-01-12,2025-01-14,North,Manchester,Home Office,B2B Sales,P-015,13,0,69.59,10.35
ORD-100051,2024-11-15,2024-11-19,West,Birmingham,Corporate,B2B Sales,P-001,1,0.1,350.29,4.08
ORD-100052,2025-08-03,2025-08-04,East,Cambridge,Home Office,B2B Sales,P-007,1,0.05,48.28,3.45
ORD-100053,2024-05-05,2024-05-08,North,Leeds,Small Business,Retail Store,P-004,1,0,108.96,6.8
ORD-100054,2024-04-27,2024-04-30,West,Cardiff,Small Business,Retail Store,P-004,4,0.25,333.46,13.7
ORD-100055,2025-12-01,2025-12-03,North,Leeds,Small Business,Retail Store,P-009,4,0,688.1,5.7
ORD-100056,2025-12-29,2026-01-02,South,Bristol,Corporate,B2B Sales,P-010,10,0,90.14,5.4
ORD-100057,2024-07-19,2024-07-22,East,Norwich,Corporate,Retail Store,P-001,3,0.2,642.79,11.4
ORD-100058,2024-03-31,2024-04-01,West,Birmingham,Home Office,Online,P-007,2,0.05,103.07,7
ORD-100059,2025-04-10,2025-04-15,East,Peterborough,Corporate,Online,P-011,18,0.2,218.45,12.6
ORD-100060,2024-07-10,2024-07-13,West,Birmingham,Home Office,Online,P-006,4,0.1,388.28,9.5
ORD-100061,2024-03-30,2024-04-01,West,Birmingham,Corporate,Online,P-009,2,0.1,205.52,4.2
ORD-100062,2025-10-17,2025-10-20,North,Leeds,Small Business,Retail Store,P-007,2,0,137.1,4.2
ORD-100063,2024-08-01,2024-08-05,East,Norwich,Small Business,Online,P-007,2,0,102.53,4.2
ORD-100064,2024-04-28,2024-04-30,West,Cardiff,Corporate,Retail Store,P-005,3,0,151.93,4.95
ORD-100065,2024-04-20,2024-04-25,West,Cardiff,Small Business,Online,P-001,2,0.2,445.61,5.46
ORD-100066,2024-12-20,2024-12-24,North,Newcastle,Corporate,B2B Sales,P-009,1,0,189.61,5.75
ORD-100067,2024-11-04,2024-11-09,West,Liverpool,Home Office,Online,P-006,4,0,600.31,9.5
ORD-100068,2024-07-11,2024-07-13,East,Norwich,Corporate,Retail Store,P-003,4,0,405.27,8.22
ORD-100069,2024-12-02,2024-12-06,North,Leeds,Corporate,Online,P-001,1,0.1,376.49,6.8
ORD-100070,2024-05-10,2024-05-13,East,Norwich,Home Office,B2B Sales,P-005,4,0,218.27,9.5
ORD-100071,2024-03-11,2024-03-12,North,Leeds,Corporate,B2B Sales,P-006,4,0,418.07,5.7
ORD-100072,2024-12-11,2024-12-14,West,Birmingham,Corporate,B2B Sales,P-008,7,0,1907.78,7.95
ORD-100073,2025-01-18,2025-01-21,North,Newcastle,Small Business,Retail Store,P-006,4,0,413.19,5.7
ORD-100074,2024-04-14,2024-04-20,South,Brighton,Small Business,B2B Sales,P-006,1,0.25,83.36,5.75
ORD-100075,2024-03-17,2024-03-18,West,Cardiff,Small Business,Retail Store,P-005,4,0.1,180.69,5.7
ORD-100076,2024-11-17,2024-11-23,South,London,Home Office,Online,P-005,3,0.2,168.04,4.95
ORD-100077,2025-03-23,2025-03-29,South,Bristol,Small Business,Online,P-008,3,0,530.74,4.95
ORD-100078,2025-10-26,2025-10-28,North,Newcastle,Home Office,Online,P-005,1,0,62.22,3.45
ORD-100079,2025-04-01,2025-04-03,North,Manchester,Small Business,B2B Sales,P-009,2,0,248.11,7
ORD-100080,2025-04-05,2025-04-07,East,Peterborough,Small Business,Retail Store,P-009,1,0,123.25,3.45
ORD-100081,2025-11-13,2025-11-16,South,London,Home Office,Online,P-005,4,0,275.04,5.7
ORD-100082,2024-08-08,2024-08-13,South,Bristol,Corporate,B2B Sales,P-014,8,0,216.42,4.86
ORD-100083,2024-04-17,2024-04-22,West,Birmingham,Home Office,Retail Store,P-009,3,0.2,305.68,4.95
ORD-100084,2024-04-30,2024-05-04,West,Cardiff,Corporate,Online,P-003,2,0.15,188.33,5.46
ORD-100085,2024-03-21,2024-03-22,West,Birmingham,Small Business,B2B Sales,P-012,5,0,39.4,6.75
ORD-100086,2024-01-10,2024-01-16,East,Cambridge,Home Office,Online,P-010,6,0,30.7,4.32
ORD-100087,2025-09-12,2025-09-17,West,Birmingham,Small Business,B2B Sales,P-005,2,0.25,81.63,7
ORD-100088,2025-03-31,2025-04-01,West,Birmingham,Small Business,Retail Store,P-008,4,0.1,627.72,9.5
ORD-100089,2025-08-06,2025-08-09,East,Cambridge,Small Business,B2B Sales,P-008,1,0.25,131.95,5.75
ORD-100090,2025-02-26,2025-03-02,North,Leeds,Small Business,Online,P-007,3,0,145.55,8.25
ORD-100091,2025-10-02,2025-10-04,South,Bristol,Corporate,Online,P-008,2,0,463.21,7
ORD-100092,2025-09-03,2025-09-05,North,Newcastle,Home Office,Retail Store,P-005,3,0,171.28,8.25
ORD-100093,2024-01-04,2024-01-09,East,Cambridge,Small Business,Retail Store,P-009,4,0.15,388.72,9.5
ORD-100094,2025-01-20,2025-01-23,North,Leeds,Corporate,B2B Sales,P-001,4,0.2,765.87,8.22
ORD-100095,2025-07-24,2025-07-25,South,London,Corporate,B2B Sales,P-013,7,0,78.84,7.65
ORD-100096,2025-11-22,2025-11-28,South,London,Home Office,Retail Store,P-006,3,0.1,406.74,4.95
ORD-100097,2024-01-12,2024-01-18,East,Peterborough,Small Business,Retail Store,P-014,13,0,325.66,6.21
ORD-100098,2025-04-02,2025-04-03,West,Cardiff,Corporate,Retail Store,P-015,9,0.15,48.6,5.13
ORD-100099,2025-01-04,2025-01-08,East,Cambridge,Corporate,Retail Store,P-003,5,0.15,442.51,16
ORD-100100,2025-01-24,2025-01-30,West,Liverpool,Corporate,B2B Sales,P-003,4,0,401.66,13.7
ORD-100101,2025-04-17,2025-04-23,West,Cardiff,Small Business,Online,P-011,12,0.05,161.91,5.94
ORD-100102,2024-11-03,2024-11-04,South,Brighton,Corporate,Retail Store,P-008,4,0.05,1020.2,9.5
ORD-100103,2025-08-25,2025-08-28,West,Birmingham,Corporate,Online,P-012,6,0,46.16,7.2
ORD-100104,2024-05-04,2024-05-06,West,Cardiff,Corporate,Online,P-010,7,0,44,7.65
ORD-100105,2024-08-26,2024-08-28,East,Cambridge,Small Business,B2B Sales,P-012,5,0,37.82,6.75
ORD-100106,2025-09-14,2025-09-18,South,Brighton,Corporate,Retail Store,P-001,4,0,1163.2,8.22
ORD-100107,2024-10-08,2024-10-14,South,Brighton,Small Business,Retail Store,P-006,4,0.2,438.36,9.5
ORD-100108,2025-11-12,2025-11-18,West,Cardiff,Corporate,Retail Store,P-007,1,0.15,68.55,5.75
ORD-100109,2025-07-24,2025-07-27,West,Birmingham,Small Business,Retail Store,P-003,2,0,205.31,5.46
ORD-100110,2024-04-12,2024-04-16,East,Norwich,Small Business,B2B Sales,P-001,4,0,1086.59,13.7
ORD-100111,2024-10-21,2024-10-22,North,Newcastle,Small Business,Retail Store,P-011,10,0,171.87,9
ORD-100112,2025-10-15,2025-10-18,West,Cardiff,Small Business,Online,P-015,12,0,89.24,5.94
ORD-100113,2025-06-21,2025-06-23,East,Cambridge,Small Business,Retail Store,P-007,1,0.15,49.09,5.75
ORD-100114,2025-05-21,2025-05-24,East,Cambridge,Small Business,Online,P-008,4,0,764.32,9.5
ORD-100115,2024-07-30,2024-08-01,West,Liverpool,Home Office,Retail Store,P-013,11,0.1,110.57,5.67
ORD-100116,2024-08-09,2024-08-15,South,Brighton,Home Office,B2B Sales,P-003,4,0,405.64,13.7
ORD-100117,2025-04-25,2025-04-30,West,Liverpool,Corporate,B2B Sales,P-006,4,0.2,334.56,5.7
ORD-100118,2024-12-03,2024-12-04,South,Bristol,Small Business,Retail Store,P-014,5,0,195.69,6.75
ORD-100119,2025-03-08,2025-03-11,North,Manchester,Corporate,B2B Sales,P-005,4,0.05,182.07,5.7
ORD-100120,2024-01-09,2024-01-12,West,Liverpool,Corporate,B2B Sales,P-007,4,0.25,158.08,5.7
ORD-100121,2024-05-27,2024-05-28,North,Manchester,Small Business,Online,P-005,3,0,162.52,4.95
ORD-100122,2024-03-28,2024-04-03,South,Bristol,Home Office,B2B Sales,P-001,1,0.25,202.1,4.08
ORD-100123,2025-10-25,2025-10-31,West,Cardiff,Home Office,Retail Store,P-012,3,0,30.25,3.51
ORD-100124,2025-08-24,2025-08-29,West,Liverpool,Home Office,B2B Sales,P-012,8,0,65.24,4.86
ORD-100125,2024-08-06,2024-08-08,West,Birmingham,Small Business,Retail Store,P-007,3,0.15,140.37,8.25
ORD-100126,2024-03-19,2024-03-21,East,Norwich,Home Office,B2B Sales,P-010,13,0.1,65.95,6.21
ORD-100127,2024-09-29,2024-09-30,East,Norwich,Small Business,B2B Sales,P-014,5,0.1,135.84,6.75
ORD-100128,2025-07-26,2025-07-27,South,London,Home Office,B2B Sales,P-004,3,0.15,238.17,6.84
ORD-100129,2024-08-16,2024-08-18,South,London,Corporate,B2B Sales,P-011,13,0,174.1,10.35
ORD-100130,2025-07-15,2025-07-19,North,Manchester,Home Office,B2B Sales,P-014,12,0.1,288.25,5.94
ORD-100131,2024-06-15,2024-06-20,West,Liverpool,Corporate,B2B Sales,P-011,10,0,147.09,5.4
ORD-100132,2025-02-13,2025-02-17,West,Liverpool,Corporate,Online,P-007,4,0,196.36,5.7
ORD-100133,2024-02-08,2024-02-14,West,Cardiff,Home Office,B2B Sales,P-007,4,0,191.93,5.7
ORD-100134,2025-05-02,2025-05-03,North,Manchester,Corporate,Online,P-005,7,0.2,284.9,7.95
ORD-100135,2024-07-06,2024-07-09,South,Bristol,Small Business,B2B Sales,P-009,3,0,362.14,4.95
ORD-100136,2025-09-20,2025-09-25,North,Leeds,Home Office,Online,P-008,1,0,205.2,3.45
ORD-100137,2024-07-03,2024-07-06,East,Peterborough,Small Business,Retail Store,P-009,7,0.15,671.2,7.95
ORD-100138,2025-05-11,2025-05-14,East,Peterborough,Small Business,Online,P-009,4,0.2,411.97,5.7
ORD-100139,2024-07-26,2024-08-01,West,Cardiff,Small Business,B2B Sales,P-005,2,0,90.92,4.2
ORD-100140,2025-08-14,2025-08-18,North,Leeds,Corporate,B2B Sales,P-014,4,0,104.34,3.78
ORD-100141,2024-12-08,2024-12-12,North,Manchester,Small Business,Online,P-005,4,0,284.68,9.5
ORD-100142,2024-12-29,2025-01-01,North,Newcastle,Small Business,B2B Sales,P-002,2,0.25,463.68,5.46
ORD-100143,2024-10-14,2024-10-16,South,Brighton,Small Business,B2B Sales,P-009,2,0.05,272.56,7
ORD-100144,2024-11-14,2024-11-17,East,Peterborough,Home Office,Online,P-006,2,0.05,295.95,7
ORD-100145,2025-07-21,2025-07-23,East,Peterborough,Home Office,B2B Sales,P-009,4,0.1,426.96,5.7
ORD-100146,2024-07-12,2024-07-13,West,Birmingham,Small Business,B2B Sales,P-010,8,0,46.69,8.1
ORD-100147,2024-04-25,2024-04-30,North,Manchester,Small Business,B2B Sales,P-008,2,0.05,352.76,7
ORD-100148,2024-10-15,2024-10-16,West,Liverpool,Home Office,Retail Store,P-010,7,0,50.39,4.59
ORD-100149,2024-01-30,2024-02-04,South,Brighton,Corporate,Online,P-006,3,0,293.66,4.95
ORD-100150,2024-08-10,2024-08-14,West,Birmingham,Home Office,Online,P-013,11,0.15,102.19,5.67
ORD-100151,2024-08-25,2024-08-26,North,Manchester,Home Office,B2B Sales,P-014,8,0,199.21,8.1
ORD-100152,2025-11-28,2025-12-03,West,Birmingham,Corporate,Online,P-014,6,0,215.06,4.32
ORD-100153,2024-02-11,2024-02-12,East,Norwich,Home Office,Retail Store,P-003,2,0.1,178.36,5.46
ORD-100154,2024-09-11,2024-09-13,North,Newcastle,Small Business,B2B Sales,P-010,6,0,38.92,7.2
ORD-100155,2024-09-26,2024-09-29,South,Brighton,Home Office,Online,P-015,23,0,160.51,14.85
ORD-100156,2025-12-27,2025-12-28,West,Cardiff,Home Office,Online,P-009,3,0,564.28,4.95
ORD-100157,2024-08-13,2024-08-17,West,Cardiff,Small Business,B2B Sales,P-008,3,0.25,429.09,8.25
ORD-100158,2025-07-27,2025-07-31,West,Liverpool,Home Office,Online,P-003,5,0.1,483.95,16
ORD-100159,2025-08-03,2025-08-06,South,Brighton,Home Office,Retail Store,P-009,2,0.25,174.11,7
ORD-100160,2024-03-16,2024-03-21,North,Leeds,Small Business,Retail Store,P-002,1,0,197.86,6.8
ORD-100161,2024-01-16,2024-01-17,West,Cardiff,Small Business,B2B Sales,P-004,2,0.15,162.97,5.46
ORD-100162,2025-03-13,2025-03-19,East,Peterborough,Small Business,B2B Sales,P-001,1,0,274.7,6.8
ORD-100163,2025-10-06,2025-10-12,East,Cambridge,Corporate,Retail Store,P-008,1,0,215.38,3.45
ORD-100164,2024-04-18,2024-04-23,East,Cambridge,Small Business,B2B Sales,P-013,8,0,95.35,8.1
ORD-100165,2025-04-09,2025-04-14,East,Norwich,Corporate,B2B Sales,P-005,3,0,146.08,4.95
ORD-100166,2024-07-17,2024-07-23,South,London,Home Office,B2B Sales,P-002,3,0,600.47,6.84
ORD-100167,2025-01-06,2025-01-08,South,Bristol,Corporate,Online,P-011,14,0.05,166.91,10.8
ORD-100168,2025-04-21,2025-04-25,West,Cardiff,Home Office,Online,P-013,4,0.1,45.1,3.78
ORD-100169,2025-10-02,2025-10-07,West,Liverpool,Home Office,B2B Sales,P-008,4,0.05,864.55,9.5
ORD-100170,2025-02-20,2025-02-26,North,Manchester,Home Office,B2B Sales,P-009,4,0,433.61,5.7
ORD-100171,2024-01-28,2024-01-30,West,Liverpool,Corporate,Online,P-011,7,0,95.54,4.59
ORD-100172,2024-11-24,2024-11-29,South,London,Corporate,B2B Sales,P-006,3,0.05,408.63,4.95
ORD-100173,2024-08-13,2024-08-14,East,Norwich,Home Office,B2B Sales,P-002,2,0,393.65,5.46
ORD-100174,2025-01-30,2025-02-04,West,Cardiff,Corporate,Retail Store,P-002,3,0.15,437.79,11.4
ORD-100175,2025-04-19,2025-04-21,East,Norwich,Home Office,B2B Sales,P-013,20,0,230.65,8.1
ORD-100176,2024-01-03,2024-01-06,East,Peterborough,Corporate,Retail Store,P-014,5,0,118.12,4.05
ORD-100177,2025-12-23,2025-12-26,West,Birmingham,Small Business,Retail Store,P-003,1,0,165.14,6.8
ORD-100178,2025-04-28,2025-04-29,North,Leeds,Corporate,Online,P-011,8,0,121.37,8.1
ORD-100179,2025-10-09,2025-10-15,North,Leeds,Home Office,Online,P-006,1,0,133.91,3.45
ORD-100180,2025-10-22,2025-10-23,West,Liverpool,Corporate,B2B Sales,P-004,4,0,471.48,8.22
ORD-100181,2024-02-20,2024-02-25,West,Liverpool,Corporate,Online,P-009,3,0,319.4,8.25
ORD-100182,2025-07-25,2025-07-28,East,Cambridge,Small Business,B2B Sales,P-001,5,0,1302.15,16
ORD-100183,2024-11-11,2024-11-12,South,Brighton,Small Business,Retail Store,P-006,2,0.2,236.38,7
ORD-100184,2024-09-23,2024-09-24,East,Norwich,Small Business,Online,P-012,5,0.2,34.78,6.75
ORD-100185,2024-12-29,2024-12-31,West,Cardiff,Corporate,B2B Sales,P-008,4,0.1,1018,9.5
ORD-100186,2025-04-13,2025-04-17,West,Liverpool,Corporate,Online,P-011,14,0,207.46,6.48
ORD-100187,2024-03-30,2024-04-02,East,Norwich,Corporate,Retail Store,P-009,1,0.1,106.88,3.45
ORD-100188,2024-02-02,2024-02-05,South,Bristol,Home Office,Online,P-006,4,0,408.99,5.7
ORD-100189,2024-12-22,2024-12-23,West,Birmingham,Corporate,B2B Sales,P-009,4,0,756.56,9.5
ORD-100190,2024-01-08,2024-01-11,South,London,Corporate,Retail Store,P-004,1,0.1,85.59,4.08
ORD-100191,2025-08-25,2025-08-28,North,Manchester,Small Business,Online,P-011,3,0.2,33.49,3.51
ORD-100192,2024-09-16,2024-09-17,North,Leeds,Small Business,Retail Store,P-012,10,0,93.55,5.4
ORD-100193,2024-12-09,2024-12-11,East,Cambridge,Small Business,Retail Store,P-002,1,0,302.95,4.08
ORD-100194,2025-10-09,2025-10-13,East,Peterborough,Corporate,B2B Sales,P-009,1,0.15,129.21,5.75
ORD-100195,2024-08-10,2024-08-16,West,Birmingham,Corporate,Online,P-002,2,0,406.86,9.1
ORD-100196,2024-02-20,2024-02-24,East,Peterborough,Corporate,B2B Sales,P-015,4,0.15,19.56,3.78
ORD-100197,2025-09-05,2025-09-10,South,Bristol,Small Business,B2B Sales,P-014,11,0.1,296.26,5.67
ORD-100198,2024-11-03,2024-11-05,North,Newcastle,Small Business,B2B Sales,P-006,1,0.25,108.26,5.75
ORD-100199,2025-12-26,2025-12-28,South,Brighton,Corporate,Retail Store,P-015,11,0,93.16,9.45
ORD-100200,2025-04-23,2025-04-29,South,Bristol,Small Business,Online,P-012,8,0,62.59,4.86
ORD-100201,2025-07-09,2025-07-10,South,Brighton,Corporate,Retail Store,P-009,1,0.2,90.1,3.45
ORD-100202,2024-06-09,2024-06-14,West,Birmingham,Home Office,Online,P-001,7,0.15,1717.7,12.36
ORD-100203,2024-03-06,2024-03-11,West,Liverpool,Small Business,Online,P-001,1,0.15,239.65,6.8
ORD-100204,2025-06-20,2025-06-24,West,Liverpool,Corporate,Retail Store,P-013,7,0,92.57,7.65
ORD-100205,2025-12-20,2025-12-24,South,Bristol,Small Business,Retail Store,P-006,4,0,682.3,5.7
ORD-100206,2024-09-28,2024-09-29,North,Leeds,Corporate,Retail Store,P-009,5,0,702.28,6.45
ORD-100207,2024-12-15,2024-12-18,East,Norwich,Home Office,Online,P-004,1,0,152.43,4.08
ORD-100208,2024-10-13,2024-10-15,West,Cardiff,Small Business,B2B Sales,P-001,1,0.05,308.32,4.08
ORD-100209,2025-08-09,2025-08-12,West,Birmingham,Corporate,Retail Store,P-003,1,0.05,105.73,4.08
ORD-100210,2025-09-13,2025-09-14,North,Manchester,Corporate,Retail Store,P-015,4,0.25,19.27,3.78
ORD-100211,2024-09-21,2024-09-27,North,Leeds,Home Office,Retail Store,P-006,1,0,121.59,3.45
ORD-100212,2025-03-15,2025-03-20,East,Peterborough,Corporate,Retail Store,P-015,5,0,27.99,6.75
ORD-100213,2025-12-09,2025-12-12,West,Birmingham,Corporate,Retail Store,P-009,4,0.1,675.3,9.5
ORD-100214,2024-12-07,2024-12-10,West,Birmingham,Corporate,Online,P-001,7,0,2809.08,12.36
ORD-100215,2025-03-23,2025-03-24,North,Newcastle,Small Business,Online,P-013,11,0,130.91,5.67
ORD-100216,2025-07-30,2025-08-01,South,Brighton,Small Business,Retail Store,P-003,3,0,325,11.4
ORD-100217,2024-04-11,2024-04-12,West,Birmingham,Home Office,Online,P-007,5,0,275.57,10.75
ORD-100218,2025-10-09,2025-10-12,West,Birmingham,Home Office,Retail Store,P-003,3,0.15,315.11,6.84
ORD-100219,2025-10-31,2025-11-05,South,Brighton,Small Business,Retail Store,P-009,4,0.15,475.11,5.7
ORD-100220,2024-07-25,2024-07-30,South,London,Corporate,Online,P-005,2,0,98.57,7
ORD-100221,2025-10-02,2025-10-04,South,Brighton,Small Business,B2B Sales,P-002,1,0,243.71,4.08
ORD-100222,2025-08-16,2025-08-19,North,Leeds,Corporate,B2B Sales,P-015,3,0,16.83,3.51
ORD-100223,2025-08-29,2025-08-31,West,Cardiff,Home Office,Retail Store,P-006,5,0,506.92,10.75
ORD-100224,2025-06-16,2025-06-17,North,Manchester,Small Business,Retail Store,P-004,3,0,332.52,11.4
ORD-100225,2024-11-28,2024-11-29,East,Cambridge,Corporate,B2B Sales,P-008,3,0,804.09,4.95
ORD-100226,2025-08-06,2025-08-07,West,Birmingham,Home Office,Retail Store,P-010,8,0.15,40.75,8.1
ORD-100227,2025-03-19,2025-03-22,West,Birmingham,Corporate,B2B Sales,P-013,13,0.05,148.64,10.35
ORD-100228,2024-08-29,2024-09-01,South,Bristol,Home Office,Online,P-008,2,0.2,278.97,7
ORD-100229,2024-02-03,2024-02-04,West,Birmingham,Home Office,Retail Store,P-004,4,0,374.67,8.22
ORD-100230,2024-05-07,2024-05-12,East,Cambridge,Corporate,Online,P-007,4,0.05,222.97,5.7
ORD-100231,2024-08-21,2024-08-22,South,Bristol,Home Office,B2B Sales,P-015,10,0,57.33,5.4
ORD-100232,2025-08-12,2025-08-16,South,Brighton,Home Office,B2B Sales,P-010,4,0,24,6.3
ORD-100233,2024-05-16,2024-05-21,West,Liverpool,Corporate,Retail Store,P-001,3,0,857,6.84
ORD-100234,2024-08-24,2024-08-29,South,Bristol,Corporate,Retail Store,P-013,16,0,177.53,7.02
ORD-100235,2024-05-15,2024-05-20,North,Manchester,Small Business,Online,P-005,1,0,53.09,3.45
ORD-100236,2024-02-27,2024-03-04,North,Manchester,Home Office,Online,P-006,1,0,101.23,5.75
ORD-100237,2025-09-29,2025-10-05,West,Liverpool,Small Business,B2B Sales,P-014,9,0.1,249.32,5.13
ORD-100238,2024-03-07,2024-03-10,South,Brighton,Corporate,B2B Sales,P-008,4,0.1,623.68,9.5
ORD-100239,2025-05-14,2025-05-19,North,Newcastle,Small Business,Online,P-001,2,0,589.43,9.1
ORD-100240,2024-10-19,2024-10-23,East,Cambridge,Corporate,B2B Sales,P-008,3,0,669.63,4.95
ORD-100241,2025-11-04,2025-11-07,East,Peterborough,Home Office,Retail Store,P-009,3,0.05,473.62,4.95
ORD-100242,2025-09-13,2025-09-15,West,Birmingham,Small Business,Online,P-014,14,0.25,303.95,6.48
ORD-100243,2024-08-19,2024-08-23,North,Leeds,Corporate,Retail Store,P-014,8,0,216.53,4.86
ORD-100244,2024-05-28,2024-06-02,West,Liverpool,Home Office,B2B Sales,P-003,3,0,333.4,6.84
ORD-100245,2025-12-30,2026-01-04,South,London,Small Business,B2B Sales,P-011,12,0,240.97,9.9
ORD-100246,2025-10-30,2025-11-05,South,Brighton,Corporate,Retail Store,P-011,5,0,87.21,4.05
ORD-100247,2025-02-16,2025-02-21,North,Newcastle,Corporate,Online,P-003,1,0,100.68,4.08
ORD-100248,2024-09-11,2024-09-13,West,Birmingham,Small Business,Online,P-010,11,0.15,58.44,5.67
ORD-100249,2024-03-31,2024-04-04,West,Liverpool,Corporate,Online,P-003,2,0,204.69,9.1
ORD-100250,2025-08-11,2025-08-13,West,Liverpool,Small Business,Online,P-010,5,0,27.29,4.05
ORD-100251,2025-12-03,2025-12-09,North,Manchester,Home Office,Retail Store,P-003,4,0,640.98,13.7
ORD-100252,2024-12-28,2025-01-02,East,Norwich,Home Office,Retail Store,P-009,1,0,179.55,3.45
ORD-100253,2025-12-29,2025-12-31,East,Cambridge,Corporate,B2B Sales,P-011,14,0,304.69,10.8
ORD-100254,2024-04-25,2024-04-28,West,Cardiff,Corporate,Retail Store,P-005,3,0.05,151.05,4.95
ORD-100255,2025-08-06,2025-08-09,East,Peterborough,Small Business,Online,P-013,13,0,159.1,10.35
ORD-100256,2025-05-27,2025-06-02,North,Manchester,Home Office,B2B Sales,P-011,7,0.1,90.74,4.59
ORD-100257,2025-10-23,2025-10-24,West,Birmingham,Corporate,Retail Store,P-004,3,0.15,305.84,6.84
ORD-100258,2024-05-06,2024-05-12,West,Cardiff,Home Office,Retail Store,P-004,3,0,347.25,6.84
ORD-100259,2024-03-04,2024-03-07,West,Liverpool,Home Office,B2B Sales,P-003,4,0.05,384.91,13.7
ORD-100260,2024-05-22,2024-05-26,East,Peterborough,Corporate,B2B Sales,P-008,1,0,205.39,3.45
ORD-100261,2024-08-23,2024-08-26,South,London,Corporate,B2B Sales,P-009,3,0,352.7,8.25
ORD-100262,2025-01-22,2025-01-24,West,Birmingham,Home Office,B2B Sales,P-010,14,0,74.81,6.48
ORD-100263,2025-09-07,2025-09-13,West,Cardiff,Small Business,Online,P-003,4,0,507.75,8.22
ORD-100264,2025-03-04,2025-03-07,North,Manchester,Home Office,Retail Store,P-007,1,0.25,38.09,5.75
ORD-100265,2025-11-28,2025-12-02,West,Liverpool,Corporate,B2B Sales,P-002,1,0.1,248.18,6.8
ORD-100266,2025-11-11,2025-11-14,West,Cardiff,Home Office,Online,P-005,1,0,65.93,5.75
ORD-100267,2025-05-16,2025-05-18,South,Bristol,Corporate,Retail Store,P-012,6,0.15,44.91,7.2
ORD-100268,2025-01-24,2025-01-28,West,Birmingham,Corporate,Retail Store,P-006,2,0.1,174.33,7
ORD-100269,2024-03-11,2024-03-15,North,Leeds,Small Business,Retail Store,P-008,4,0.25,516.13,9.5
ORD-100270,2025-11-30,2025-12-06,West,Liverpool,Small Business,B2B Sales,P-009,3,0.25,390.74,4.95
ORD-100271,2024-10-26,2024-10-27,South,Bristol,Home Office,B2B Sales,P-006,1,0,123.53,5.75
ORD-100272,2025-11-25,2025-12-01,South,Bristol,Home Office,Retail Store,P-001,1,0.2,312.44,4.08
ORD-100273,2025-06-05,2025-06-10,West,Birmingham,Small Business,Retail Store,P-004,4,0,451.72,8.22
ORD-100274,2025-02-05,2025-02-08,North,Newcastle,Home Office,Retail Store,P-007,3,0,144.92,8.25
ORD-100275,2025-09-23,2025-09-29,North,Manchester,Small Business,Retail Store,P-006,2,0.2,186.26,7
ORD-100276,2024-07-31,2024-08-01,South,Bristol,Small Business,B2B Sales,P-003,3,0,295.58,6.84
ORD-100277,2025-04-02,2025-04-04,North,Newcastle,Small Business,B2B Sales,P-003,4,0.05,427.15,13.7
ORD-100278,2025-01-06,2025-01-11,North,Newcastle,Corporate,Retail Store,P-004,1,0,92.61,4.08
ORD-100279,2025-09-16,2025-09-19,West,Liverpool,Corporate,Online,P-005,1,0.05,50.22,3.45
ORD-100280,2025-12-11,2025-12-13,East,Norwich,Home Office,Retail Store,P-003,1,0,153.72,4.08
ORD-100281,2025-04-18,2025-04-23,West,Birmingham,Home Office,B2B Sales,P-003,1,0,109.51,4.08
ORD-100282,2024-03-20,2024-03-25,East,Peterborough,Small Business,B2B Sales,P-012,14,0,107.62,6.48
ORD-100283,2024-04-30,2024-05-03,West,Liverpool,Small Business,Online,P-003,2,0.15,195.12,5.46
ORD-100284,2025-09-27,2025-09-30,North,Leeds,Small Business,Online,P-004,2,0,228.54,5.46
ORD-100285,2025-08-07,2025-08-11,North,Leeds,Small Business,B2B Sales,P-011,6,0.2,65.49,4.32
ORD-100286,2025-05-02,2025-05-08,North,Manchester,Small Business,B2B Sales,P-014,11,0,322.87,5.67
ORD-100287,2024-04-04,2024-04-05,North,Manchester,Small Business,Online,P-013,6,0.2,59.01,7.2
ORD-100288,2025-05-05,2025-05-07,South,Brighton,Corporate,B2B Sales,P-012,5,0,40.35,4.05
ORD-100289,2024-06-03,2024-06-08,West,Cardiff,Home Office,B2B Sales,P-007,4,0,248.09,5.7
ORD-100290,2024-05-28,2024-06-01,East,Peterborough,Small Business,Online,P-013,13,0,169.94,6.21
ORD-100291,2024-11-14,2024-11-15,West,Liverpool,Small Business,B2B Sales,P-003,2,0.05,281.49,5.46
ORD-100292,2024-02-28,2024-03-04,South,Bristol,Corporate,Retail Store,P-014,13,0.15,269.49,6.21
ORD-100293,2024-03-07,2024-03-12,West,Birmingham,Home Office,Retail Store,P-007,1,0.1,50.23,5.75
ORD-100294,2024-03-03,2024-03-05,South,Brighton,Small Business,Retail Store,P-001,3,0.1,725.92,6.84
ORD-100295,2024-08-10,2024-08-15,North,Leeds,Small Business,Online,P-009,4,0,465.66,5.7
ORD-100296,2025-03-01,2025-03-06,West,Birmingham,Corporate,Online,P-014,6,0.15,129.54,4.32
ORD-100297,2025-12-28,2025-12-29,East,Peterborough,Small Business,Online,P-002,2,0,575.03,5.46
ORD-100298,2024-07-20,2024-07-22,East,Cambridge,Small Business,Online,P-005,2,0.25,69.83,7
ORD-100299,2024-02-21,2024-02-25,North,Newcastle,Home Office,Retail Store,P-007,3,0,149.64,4.95
ORD-100300,2024-10-17,2024-10-22,North,Newcastle,Home Office,Retail Store,P-011,9,0,162.92,5.13
ORD-100301,2024-04-04,2024-04-09,North,Leeds,Small Business,Retail Store,P-008,3,0,561.95,8.25
ORD-100302,2025-09-23,2025-09-24,West,Cardiff,Corporate,Online,P-014,12,0.25,270.29,9.9
ORD-100303,2024-12-06,2024-12-11,South,Bristol,Home Office,B2B Sales,P-010,14,0,119.52,10.8
ORD-100304,2025-03-08,2025-03-10,South,Brighton,Corporate,B2B Sales,P-012,6,0.1,43.52,7.2
ORD-100305,2024-08-15,2024-08-19,East,Peterborough,Small Business,Retail Store,P-013,7,0,81.02,4.59
ORD-100306,2025-12-02,2025-12-08,South,Brighton,Home Office,B2B Sales,P-013,3,0.05,48.87,5.85
ORD-100307,2025-07-13,2025-07-17,West,Birmingham,Corporate,Retail Store,P-011,5,0.15,55.8,4.05
ORD-100308,2025-10-11,2025-10-16,North,Leeds,Corporate,Online,P-001,4,0.2,1057.79,13.7
ORD-100309,2025-09-11,2025-09-14,South,Bristol,Home Office,B2B Sales,P-005,1,0.2,46.81,5.75
ORD-100310,2024-01-01,2024-01-05,South,Brighton,Small Business,Online,P-004,2,0.1,164.59,5.46
ORD-100311,2024-02-12,2024-02-14,South,Brighton,Home Office,B2B Sales,P-006,4,0,385.29,5.7
ORD-100312,2025-03-13,2025-03-16,North,Newcastle,Small Business,Online,P-005,5,0,244.48,6.45
ORD-100313,2024-08-24,2024-08-26,South,London,Small Business,B2B Sales,P-007,1,0,55.82,3.45
ORD-100314,2025-01-23,2025-01-29,East,Norwich,Home Office,Retail Store,P-015,3,0.1,14.04,5.85
ORD-100315,2024-10-17,2024-10-23,North,Newcastle,Corporate,Retail Store,P-015,23,0,167.36,8.91
ORD-100316,2025-05-17,2025-05-19,North,Leeds,Small Business,B2B Sales,P-013,10,0,120.18,5.4
ORD-100317,2025-06-08,2025-06-10,East,Peterborough,Corporate,Online,P-002,1,0,225.17,6.8
ORD-100318,2024-08-18,2024-08-23,West,Liverpool,Home Office,Retail Store,P-013,8,0.1,78.46,4.86
ORD-100319,2024-12-26,2024-12-28,West,Liverpool,Corporate,Online,P-002,1,0,278.35,6.8
ORD-100320,2025-01-03,2025-01-04,West,Birmingham,Home Office,B2B Sales,P-004,4,0.05,343.43,8.22
ORD-100321,2024-12-01,2024-12-06,North,Newcastle,Small Business,Retail Store,P-012,9,0.1,101.54,5.13
ORD-100322,2024-01-10,2024-01-11,West,Birmingham,Small Business,B2B Sales,P-001,2,0,483.53,9.1
ORD-100323,2024-02-22,2024-02-25,North,Newcastle,Corporate,Online,P-004,2,0.2,150.33,9.1
ORD-100324,2024-10-21,2024-10-23,East,Peterborough,Home Office,B2B Sales,P-008,1,0,232.68,3.45
ORD-100325,2025-05-19,2025-05-22,West,Liverpool,Small Business,B2B Sales,P-004,7,0,759.06,12.36
ORD-100326,2025-12-17,2025-12-22,North,Manchester,Corporate,B2B Sales,P-015,10,0,82.5,5.4
ORD-100327,2025-02-24,2025-02-26,West,Cardiff,Small Business,Retail Store,P-009,2,0.05,213.89,4.2
ORD-100328,2024-06-11,2024-06-14,South,Brighton,Small Business,Online,P-013,14,0,175.66,6.48
ORD-100329,2024-02-12,2024-02-16,East,Norwich,Small Business,B2B Sales,P-015,13,0,69.73,6.21
ORD-100330,2025-11-19,2025-11-24,East,Norwich,Small Business,Online,P-014,13,0,508.52,6.21
ORD-100331,2024-06-26,2024-06-29,West,Birmingham,Corporate,Retail Store,P-012,7,0,63.13,4.59
ORD-100332,2024-05-08,2024-05-10,North,Manchester,Small Business,B2B Sales,P-012,16,0,134.8,7.02
ORD-100333,2024-05-08,2024-05-10,North,Leeds,Small Business,Online,P-006,2,0,216.3,4.2
ORD-100334,2024-05-12,2024-05-14,East,Peterborough,Corporate,Online,P-005,3,0,156.84,4.95
ORD-100335,2024-10-13,2024-10-15,East,Norwich,Home Office,Retail Store,P-010,12,0,83.83,9.9
ORD-100336,2024-12-25,2024-12-29,East,Norwich,Home Office,Online,P-015,9,0.2,63.21,5.13
ORD-100337,2025-10-31,2025-11-06,East,Peterborough,Home Office,Retail Store,P-013,10,0.25,103.24,5.4
ORD-100338,2025-01-24,2025-01-28,South,Bristol,Small Business,B2B Sales,P-014,4,0,97.44,6.3
ORD-100339,2024-05-14,2024-05-16,West,Birmingham,Home Office,Retail Store,P-001,4,0,1208.68,13.7
ORD-100340,2025-07-12,2025-07-15,South,Bristol,Home Office,Retail Store,P-002,1,0,186.1,6.8
ORD-100341,2024-01-17,2024-01-18,North,Newcastle,Small Business,Retail Store,P-004,2,0,186.58,9.1
ORD-100342,2025-06-11,2025-06-15,West,Cardiff,Corporate,B2B Sales,P-014,23,0,629.21,8.91
ORD-100343,2025-06-30,2025-07-06,North,Leeds,Home Office,B2B Sales,P-015,9,0,58.14,8.55
ORD-100344,2024-12-13,2024-12-15,West,Cardiff,Small Business,Retail Store,P-008,2,0.05,525.35,4.2
ORD-100345,2024-03-09,2024-03-12,South,London,Small Business,B2B Sales,P-009,3,0,369.02,4.95
ORD-100346,2024-06-15,2024-06-17,South,London,Home Office,B2B Sales,P-008,2,0,389.45,7
ORD-100347,2024-08-13,2024-08-14,East,Norwich,Corporate,Retail Store,P-008,2,0.1,340.68,7
ORD-100348,2024-03-01,2024-03-04,West,Cardiff,Small Business,B2B Sales,P-012,9,0.2,56.96,8.55
ORD-100349,2025-10-20,2025-10-23,North,Leeds,Small Business,Online,P-011,7,0.2,94.98,4.59
ORD-100350,2025-11-01,2025-11-03,North,Manchester,Corporate,Retail Store,P-010,14,0,118.58,6.48
ORD-100351,2025-07-17,2025-07-22,East,Peterborough,Corporate,Retail Store,P-009,3,0,336.74,8.25
ORD-100352,2025-07-04,2025-07-08,East,Norwich,Home Office,B2B Sales,P-008,1,0.2,136.39,5.75
ORD-100353,2024-07-26,2024-07-28,West,Cardiff,Small Business,B2B Sales,P-010,4,0.05,21.31,3.78
ORD-100354,2024-08-06,2024-08-10,East,Peterborough,Home Office,Online,P-009,4,0,482.68,9.5
ORD-100355,2025-12-19,2025-12-20,South,London,Corporate,Online,P-003,2,0,337.23,9.1
ORD-100356,2024-09-02,2024-09-05,South,Brighton,Corporate,B2B Sales,P-015,22,0,140.7,14.4
ORD-100357,2024-08-29,2024-08-31,North,Manchester,Home Office,Online,P-006,3,0,335.22,4.95
ORD-100358,2025-10-10,2025-10-14,East,Cambridge,Corporate,Online,P-001,1,0.05,318.71,4.08
ORD-100359,2025-07-07,2025-07-12,West,Cardiff,Small Business,Retail Store,P-002,5,0,928.11,16
ORD-100360,2025-03-17,2025-03-22,East,Norwich,Small Business,Retail Store,P-005,5,0,232.95,10.75
ORD-100361,2024-04-15,2024-04-16,North,Manchester,Corporate,Online,P-014,10,0,281.18,5.4
ORD-100362,2025-08-07,2025-08-13,East,Cambridge,Home Office,Retail Store,P-008,1,0,176.31,5.75
ORD-100363,2024-05-18,2024-05-22,North,Leeds,Corporate,Retail Store,P-007,2,0.2,92.3,4.2
ORD-100364,2025-11-12,2025-11-13,East,Peterborough,Corporate,B2B Sales,P-015,9,0,78.33,8.55
ORD-100365,2024-11-17,2024-11-21,North,Manchester,Corporate,Online,P-014,14,0,543.75,10.8
ORD-100366,2024-12-10,2024-12-16,East,Peterborough,Corporate,Online,P-015,13,0.05,109.43,10.35
ORD-100367,2024-08-19,2024-08-23,East,Cambridge,Home Office,B2B Sales,P-011,5,0,73.46,4.05
ORD-100368,2025-02-23,2025-02-26,East,Cambridge,Corporate,Retail Store,P-004,1,0,94.95,6.8
ORD-100369,2024-12-22,2024-12-25,North,Newcastle,Small Business,B2B Sales,P-003,4,0.15,553.44,8.22
ORD-100370,2024-06-29,2024-06-30,North,Newcastle,Home Office,B2B Sales,P-010,7,0,44.26,4.59
ORD-100371,2024-06-24,2024-06-30,West,Cardiff,Home Office,B2B Sales,P-005,2,0.1,95.38,4.2
ORD-100372,2025-04-07,2025-04-13,South,Bristol,Small Business,Online,P-013,6,0.05,70.04,4.32
ORD-100373,2024-03-08,2024-03-10,North,Leeds,Home Office,B2B Sales,P-008,4,0,712.4,9.5
ORD-100374,2025-03-28,2025-04-01,North,Newcastle,Home Office,Retail Store,P-007,1,0.25,39.04,3.45
ORD-100375,2025-12-18,2025-12-19,East,Norwich,Corporate,Retail Store,P-004,2,0,306.13,5.46
ORD-100376,2025-11-20,2025-11-21,North,Newcastle,Corporate,Online,P-009,2,0,349.68,7
ORD-100377,2024-05-11,2024-05-13,West,Cardiff,Corporate,Retail Store,P-011,5,0.1,63.92,6.75
ORD-100378,2025-08-16,2025-08-20,East,Norwich,Home Office,B2B Sales,P-013,18,0.2,162.94,12.6
ORD-100379,2024-08-12,2024-08-14,North,Leeds,Small Business,Retail Store,P-007,1,0,55.06,5.75
ORD-100380,2024-05-18,2024-05-21,South,London,Corporate,Online,P-006,4,0.05,451.84,5.7
ORD-100381,2024-03-29,2024-04-01,East,Peterborough,Small Business,Retail Store,P-001,4,0.05,974.53,13.7
ORD-100382,2025-09-05,2025-09-07,West,Birmingham,Corporate,B2B Sales,P-001,7,0.1,1909.41,12.36
ORD-100383,2024-08-16,2024-08-21,West,Birmingham,Small Business,Online,P-013,12,0,145.08,9.9
ORD-100384,2025-01-20,2025-01-22,East,Norwich,Corporate,B2B Sales,P-012,4,0.2,24.11,6.3
ORD-100385,2024-08-27,2024-08-30,North,Leeds,Corporate,Retail Store,P-014,9,0,237.8,8.55
ORD-100386,2025-05-15,2025-05-16,West,Birmingham,Home Office,B2B Sales,P-015,5,0.15,26.97,4.05
ORD-100387,2024-03-10,2024-03-16,West,Liverpool,Corporate,Retail Store,P-011,4,0,53.36,6.3
ORD-100388,2025-06-12,2025-06-18,West,Liverpool,Small Business,Retail Store,P-008,3,0,565.91,4.95
ORD-100389,2025-05-17,2025-05-18,West,Liverpool,Corporate,B2B Sales,P-009,3,0,377.09,4.95
ORD-100390,2025-09-27,2025-09-29,North,Newcastle,Corporate,B2B Sales,P-007,4,0.15,211.28,5.7
ORD-100391,2025-02-03,2025-02-07,East,Cambridge,Corporate,B2B Sales,P-001,2,0.2,389.97,5.46
ORD-100392,2024-11-09,2024-11-13,East,Norwich,Small Business,Online,P-003,3,0.1,409.05,11.4
ORD-100393,2024-12-07,2024-12-08,East,Peterborough,Small Business,B2B Sales,P-009,2,0.05,354.66,7
ORD-100394,2025-04-30,2025-05-04,West,Liverpool,Small Business,Retail Store,P-012,14,0,110.46,6.48
ORD-100395,2025-03-13,2025-03-15,South,Bristol,Home Office,Online,P-011,14,0,202.59,10.8
ORD-100396,2025-11-05,2025-11-06,East,Peterborough,Home Office,Online,P-007,5,0.1,327.32,10.75
ORD-100397,2024-06-23,2024-06-29,North,Leeds,Small Business,Retail Store,P-011,3,0,44.96,5.85
ORD-100398,2024-07-08,2024-07-14,South,London,Corporate,Online,P-006,4,0,434.92,9.5
ORD-100399,2025-04-23,2025-04-29,South,London,Small Business,B2B Sales,P-002,2,0,414.82,9.1
ORD-100400,2024-11-09,2024-11-12,East,Cambridge,Corporate,Online,P-012,8,0,85.37,4.86
ORD-100401,2024-12-07,2024-12-12,West,Liverpool,Small Business,Online,P-014,5,0,202.62,6.75
ORD-100402,2025-03-23,2025-03-24,North,Leeds,Small Business,Retail Store,P-006,2,0.05,201.46,4.2
ORD-100403,2024-03-08,2024-03-11,West,Liverpool,Small Business,B2B Sales,P-001,2,0,563.47,5.46
ORD-100404,2025-12-17,2025-12-19,South,Brighton,Home Office,Online,P-003,2,0.15,259.26,9.1
ORD-100405,2025-03-26,2025-03-28,East,Norwich,Small Business,Online,P-015,8,0.1,39.7,4.86
ORD-100406,2024-01-03,2024-01-04,West,Birmingham,Small Business,B2B Sales,P-013,9,0.2,75.82,5.13
ORD-100407,2025-01-22,2025-01-23,North,Newcastle,Home Office,Retail Store,P-001,4,0.15,885.09,13.7
ORD-100408,2024-11-29,2024-12-03,South,London,Small Business,Retail Store,P-002,2,0.1,473.43,5.46
ORD-100409,2024-05-25,2024-05-27,South,Brighton,Corporate,B2B Sales,P-012,11,0.15,75.39,9.45
ORD-100410,2025-01-16,2025-01-21,South,London,Small Business,Retail Store,P-001,3,0.25,561.84,6.84
ORD-100411,2025-06-05,2025-06-06,West,Liverpool,Corporate,B2B Sales,P-015,8,0.1,45.12,8.1
ORD-100412,2025-10-14,2025-10-16,South,London,Corporate,Retail Store,P-001,3,0.15,893.86,6.84
ORD-100413,2024-07-08,2024-07-10,South,London,Small Business,B2B Sales,P-010,5,0.15,23.71,6.75
ORD-100414,2025-07-07,2025-07-10,West,Cardiff,Home Office,Retail Store,P-003,1,0,98.22,4.08
ORD-100415,2025-04-20,2025-04-25,East,Cambridge,Home Office,Retail Store,P-014,7,0,183.52,4.59
ORD-100416,2024-07-13,2024-07-18,North,Newcastle,Small Business,B2B Sales,P-014,10,0,262.38,5.4
ORD-100417,2025-10-06,2025-10-10,North,Manchester,Small Business,Retail Store,P-003,1,0.25,93.46,6.8
ORD-100418,2024-09-22,2024-09-27,South,Bristol,Home Office,Retail Store,P-009,2,0.15,217.06,4.2
ORD-100419,2025-11-13,2025-11-15,South,Brighton,Home Office,Retail Store,P-010,11,0.25,64.95,9.45
ORD-100420,2025-03-04,2025-03-08,South,London,Small Business,Online,P-005,3,0.05,134.54,4.95
ORD-100421,2025-03-20,2025-03-21,South,Brighton,Home Office,B2B Sales,P-015,10,0,54.75,5.4
ORD-100422,2025-11-22,2025-11-26,South,London,Corporate,Online,P-002,7,0.2,1608.68,20.6
ORD-100423,2025-12-03,2025-12-08,East,Cambridge,Corporate,Retail Store,P-003,4,0.1,549.57,8.22
ORD-100424,2024-02-22,2024-02-28,West,Liverpool,Corporate,Retail Store,P-011,4,0,52.16,6.3
ORD-100425,2024-07-11,2024-07-14,West,Liverpool,Home Office,Retail Store,P-010,12,0,66.38,5.94
ORD-100426,2025-08-05,2025-08-10,East,Norwich,Small Business,Retail Store,P-014,13,0.05,336.75,6.21
ORD-100427,2025-07-26,2025-07-28,North,Leeds,Small Business,Retail Store,P-009,5,0,583.96,6.45
ORD-100428,2024-07-16,2024-07-19,East,Norwich,Corporate,Online,P-015,7,0.05,36.55,7.65
ORD-100429,2025-07-03,2025-07-07,East,Norwich,Small Business,B2B Sales,P-010,9,0.1,43.78,8.55
ORD-100430,2025-12-11,2025-12-15,East,Cambridge,Small Business,B2B Sales,P-015,12,0.25,83.36,5.94
ORD-100431,2025-03-20,2025-03-25,East,Norwich,Home Office,Online,P-003,7,0,761.25,12.36
ORD-100432,2024-07-30,2024-08-03,North,Newcastle,Home Office,Retail Store,P-005,5,0.15,191.73,10.75
ORD-100433,2024-11-20,2024-11-23,West,Liverpool,Small Business,Retail Store,P-010,11,0.15,78.77,5.67
ORD-100434,2025-04-20,2025-04-25,East,Peterborough,Home Office,Retail Store,P-010,14,0.1,71.71,6.48
ORD-100435,2024-09-13,2024-09-19,North,Manchester,Corporate,Retail Store,P-015,4,0.25,20.89,3.78
ORD-100436,2024-11-02,2024-11-04,West,Liverpool,Small Business,Retail Store,P-006,2,0,293.54,7
ORD-100437,2024-11-18,2024-11-21,West,Cardiff,Home Office,Online,P-007,4,0.2,247.14,9.5
ORD-100438,2025-02-18,2025-02-24,East,Peterborough,Home Office,B2B Sales,P-013,20,0,219.79,13.5
ORD-100439,2024-12-11,2024-12-16,South,Bristol,Corporate,Online,P-004,3,0.15,376.6,6.84
ORD-100440,2025-02-17,2025-02-18,North,Leeds,Corporate,Online,P-010,9,0,51.19,8.55
ORD-100441,2025-03-29,2025-03-30,East,Peterborough,Home Office,Online,P-005,2,0,99.08,7
ORD-100442,2024-12-22,2024-12-27,East,Norwich,Small Business,B2B Sales,P-015,11,0.2,75.9,5.67
ORD-100443,2024-02-08,2024-02-11,South,Bristol,Home Office,Online,P-002,3,0.1,522.69,6.84
ORD-100444,2024-10-02,2024-10-03,North,Manchester,Small Business,Retail Store,P-003,1,0.25,100.55,4.08
ORD-100445,2025-04-12,2025-04-14,North,Newcastle,Home Office,Retail Store,P-004,3,0,298.91,6.84
ORD-100446,2025-01-20,2025-01-24,South,Brighton,Home Office,Retail Store,P-007,2,0,101.18,4.2
ORD-100447,2025-09-21,2025-09-23,East,Peterborough,Small Business,Retail Store,P-001,4,0,1272.5,8.22
ORD-100448,2025-11-23,2025-11-28,North,Newcastle,Home Office,Online,P-004,1,0,142.04,4.08
ORD-100449,2025-04-29,2025-05-02,East,Peterborough,Corporate,B2B Sales,P-011,10,0.15,127.54,5.4
ORD-100450,2024-11-12,2024-11-17,West,Liverpool,Home Office,B2B Sales,P-001,1,0,383.02,4.08
ORD-100451,2024-06-03,2024-06-09,West,Birmingham,Home Office,B2B Sales,P-001,2,0,594.11,9.1
ORD-100452,2024-03-07,2024-03-13,East,Peterborough,Corporate,B2B Sales,P-002,1,0,181.72,4.08
ORD-100453,2025-08-06,2025-08-07,North,Leeds,Corporate,Online,P-008,4,0,736.28,5.7
ORD-100454,2024-04-08,2024-04-13,South,Bristol,Small Business,B2B Sales,P-005,2,0.15,88.45,4.2
ORD-100455,2025-01-03,2025-01-05,East,Cambridge,Small Business,B2B Sales,P-003,3,0,294.38,11.4
ORD-100456,2025-09-26,2025-10-01,North,Leeds,Home Office,Retail Store,P-006,3,0.15,317.63,8.25
ORD-100457,2025-08-10,2025-08-15,North,Leeds,Home Office,Online,P-004,1,0,107.22,4.08
ORD-100458,2025-01-10,2025-01-11,South,London,Home Office,B2B Sales,P-009,1,0.1,102.21,3.45
ORD-100459,2025-06-15,2025-06-17,West,Liverpool,Home Office,B2B Sales,P-012,6,0.15,46.17,7.2
ORD-100460,2025-03-03,2025-03-04,West,Birmingham,Corporate,B2B Sales,P-012,8,0,63.55,4.86
ORD-100461,2025-08-12,2025-08-18,North,Leeds,Home Office,Online,P-008,4,0.1,659.25,9.5
ORD-100462,2024-12-02,2024-12-03,South,Brighton,Corporate,Online,P-012,6,0,74.55,4.32
ORD-100463,2025-10-28,2025-11-03,North,Newcastle,Small Business,Online,P-014,8,0.05,233.34,4.86
ORD-100464,2025-12-28,2025-12-30,South,Bristol,Home Office,B2B Sales,P-002,1,0,303.65,6.8
ORD-100465,2025-08-02,2025-08-07,North,Newcastle,Small Business,Retail Store,P-012,9,0.15,58.71,8.55
ORD-100466,2025-04-23,2025-04-24,East,Cambridge,Small Business,B2B Sales,P-013,10,0.15,101.01,5.4
ORD-100467,2024-06-08,2024-06-11,North,Manchester,Home Office,Retail Store,P-001,2,0,571.87,5.46
ORD-100468,2024-04-20,2024-04-24,North,Manchester,Small Business,Retail Store,P-014,5,0,143.22,4.05
ORD-100469,2025-10-11,2025-10-12,West,Birmingham,Home Office,Online,P-006,1,0.25,101.58,5.75
ORD-100470,2025-10-07,2025-10-13,South,London,Home Office,Online,P-012,4,0,38.87,6.3
ORD-100471,2025-06-11,2025-06-17,West,Birmingham,Small Business,B2B Sales,P-011,4,0,58.91,3.78
ORD-100472,2025-04-13,2025-04-17,West,Cardiff,Corporate,Retail Store,P-015,3,0.2,14.68,5.85
ORD-100473,2024-08-08,2024-08-13,West,Liverpool,Small Business,Online,P-007,2,0,102.52,7
ORD-100474,2025-08-23,2025-08-28,South,Brighton,Home Office,Retail Store,P-013,9,0,104.37,5.13
ORD-100475,2024-07-16,2024-07-21,North,Newcastle,Home Office,B2B Sales,P-013,13,0.2,110.79,6.21
ORD-100476,2025-01-12,2025-01-15,West,Cardiff,Corporate,Online,P-012,7,0,53.66,4.59
ORD-100477,2024-03-20,2024-03-25,West,Liverpool,Corporate,Online,P-009,4,0.2,377.16,9.5
ORD-100478,2024-09-02,2024-09-04,West,Cardiff,Small Business,B2B Sales,P-004,3,0,335.71,6.84
ORD-100479,2024-01-23,2024-01-28,North,Newcastle,Corporate,Retail Store,P-004,4,0,401.53,8.22
ORD-100480,2024-07-09,2024-07-11,South,Bristol,Small Business,Online,P-007,1,0.2,40.92,3.45
ORD-100481,2024-03-11,2024-03-16,West,Cardiff,Small Business,B2B Sales,P-008,3,0,535.75,4.95
ORD-100482,2025-05-24,2025-05-30,West,Cardiff,Corporate,Online,P-009,1,0,133.06,5.75
ORD-100483,2025-01-30,2025-02-01,North,Newcastle,Corporate,Online,P-014,11,0.25,196.8,9.45
ORD-100484,2025-04-23,2025-04-27,East,Cambridge,Home Office,Retail Store,P-004,4,0.1,358.88,13.7
ORD-100485,2024-09-23,2024-09-28,South,London,Small Business,Online,P-007,4,0,231.63,9.5
ORD-100486,2025-05-25,2025-05-28,West,Cardiff,Corporate,B2B Sales,P-008,4,0,785.48,9.5
ORD-100487,2024-10-15,2024-10-17,West,Liverpool,Home Office,Online,P-013,6,0,88.2,4.32
ORD-100488,2024-09-24,2024-09-26,West,Cardiff,Home Office,Retail Store,P-014,9,0,273.07,5.13
ORD-100489,2024-11-22,2024-11-24,North,Newcastle,Small Business,Online,P-001,1,0,398.41,6.8
ORD-100490,2024-09-23,2024-09-27,South,Brighton,Small Business,B2B Sales,P-012,11,0,94.51,5.67
ORD-100491,2025-01-30,2025-02-03,North,Leeds,Small Business,Retail Store,P-008,1,0.1,143.76,5.75
ORD-100492,2024-02-06,2024-02-12,South,London,Home Office,Online,P-015,5,0,28.04,4.05
ORD-100493,2025-12-24,2025-12-27,West,Liverpool,Corporate,B2B Sales,P-011,11,0,225.78,9.45
ORD-100494,2025-01-14,2025-01-17,East,Norwich,Corporate,B2B Sales,P-003,2,0.25,141.45,9.1
ORD-100495,2024-06-24,2024-06-27,South,Bristol,Corporate,Online,P-010,12,0,72.01,9.9
ORD-100496,2025-10-02,2025-10-04,East,Cambridge,Corporate,Retail Store,P-015,7,0,51.38,7.65
ORD-100497,2025-10-31,2025-11-04,North,Newcastle,Corporate,Retail Store,P-010,14,0.1,91.54,6.48
ORD-100498,2024-08-28,2024-08-30,South,London,Corporate,B2B Sales,P-010,4,0,22.88,3.78
ORD-100499,2025-10-16,2025-10-21,West,Liverpool,Home Office,Retail Store,P-015,4,0.2,22.15,6.3
ORD-100500,2024-08-05,2024-08-09,East,Norwich,Small Business,Retail Store,P-004,2,0,207.29,9.1
ORD-100501,2025-07-06,2025-07-10,West,Cardiff,Small Business,Retail Store,P-012,3,0,22.42,3.51
ORD-100502,2024-04-18,2024-04-22,West,Liverpool,Small Business,Retail Store,P-004,2,0.1,194.74,5.46
ORD-100503,2024-10-18,2024-10-21,South,Bristol,Small Business,Online,P-001,2,0.25,481.01,9.1
ORD-100504,2024-01-08,2024-01-10,West,Cardiff,Home Office,Retail Store,P-003,4,0,401.5,13.7
ORD-100505,2024-07-06,2024-07-11,East,Cambridge,Corporate,B2B Sales,P-009,2,0,228.43,7
ORD-100506,2025-09-01,2025-09-03,West,Liverpool,Home Office,Online,P-007,4,0.05,231.51,9.5
ORD-100507,2025-06-22,2025-06-26,West,Liverpool,Small Business,Online,P-011,9,0,143.12,5.13
ORD-100508,2024-08-10,2024-08-16,West,Cardiff,Corporate,Retail Store,P-006,1,0,101.83,5.75
ORD-100509,2024-08-29,2024-09-02,West,Liverpool,Corporate,B2B Sales,P-015,13,0,71.49,6.21
ORD-100510,2025-09-09,2025-09-11,West,Liverpool,Corporate,Retail Store,P-014,5,0.1,137.25,4.05
ORD-100511,2024-09-15,2024-09-20,North,Manchester,Corporate,B2B Sales,P-003,2,0,255.77,5.46
ORD-100512,2025-06-14,2025-06-17,West,Birmingham,Small Business,B2B Sales,P-001,3,0.05,891.52,6.84
ORD-100513,2025-06-15,2025-06-20,East,Norwich,Home Office,Online,P-015,5,0,33.05,4.05
ORD-100514,2024-08-17,2024-08-20,East,Cambridge,Small Business,Online,P-003,3,0,317.01,6.84
ORD-100515,2025-11-10,2025-11-13,West,Liverpool,Small Business,B2B Sales,P-011,5,0.05,90.39,4.05
ORD-100516,2024-04-25,2024-04-26,East,Norwich,Corporate,Retail Store,P-014,10,0,266.38,5.4
ORD-100517,2025-10-17,2025-10-18,East,Cambridge,Corporate,Online,P-008,2,0.2,362.29,4.2
ORD-100518,2024-06-28,2024-07-04,West,Liverpool,Small Business,B2B Sales,P-007,4,0.2,181.42,9.5
ORD-100519,2024-05-28,2024-05-31,North,Manchester,Home Office,Online,P-002,4,0,875.8,13.7
ORD-100520,2024-06-23,2024-06-25,East,Cambridge,Small Business,Retail Store,P-012,12,0,97.58,5.94
ORD-100521,2025-11-23,2025-11-29,South,London,Corporate,Online,P-014,11,0,408.47,5.67
ORD-100522,2025-08-02,2025-08-05,South,Bristol,Home Office,B2B Sales,P-010,8,0.1,41.71,4.86
ORD-100523,2024-02-09,2024-02-11,South,Brighton,Home Office,B2B Sales,P-010,7,0,36.56,7.65
ORD-100524,2025-10-05,2025-10-08,East,Cambridge,Home Office,B2B Sales,P-001,1,0.25,254.77,6.8
ORD-100525,2025-10-11,2025-10-14,West,Liverpool,Home Office,Online,P-013,7,0,93.6,7.65
ORD-100526,2024-11-17,2024-11-20,East,Cambridge,Home Office,Retail Store,P-005,4,0.05,275.59,5.7
ORD-100527,2025-04-17,2025-04-23,West,Birmingham,Corporate,Retail Store,P-005,1,0,52.5,5.75
ORD-100528,2024-05-17,2024-05-22,West,Liverpool,Home Office,Retail Store,P-009,1,0.1,109.71,5.75
ORD-100529,2025-08-25,2025-08-27,East,Peterborough,Corporate,B2B Sales,P-001,3,0,803.39,6.84
ORD-100530,2024-01-05,2024-01-06,North,Leeds,Corporate,Online,P-006,4,0.15,344.94,9.5
ORD-100531,2025-02-25,2025-03-02,North,Newcastle,Small Business,B2B Sales,P-003,4,0,405.52,13.7
ORD-100532,2024-04-29,2024-05-02,North,Leeds,Small Business,Retail Store,P-006,4,0.05,432.06,9.5
ORD-100533,2025-11-04,2025-11-06,South,London,Small Business,Retail Store,P-002,3,0,841.1,11.4
ORD-100534,2024-02-05,2024-02-08,West,Cardiff,Corporate,B2B Sales,P-002,4,0,760.27,13.7
ORD-100535,2025-12-27,2025-12-30,South,London,Small Business,Online,P-014,3,0,123.57,5.85
ORD-100536,2024-11-22,2024-11-24,North,Newcastle,Small Business,B2B Sales,P-012,6,0,66.45,4.32
ORD-100537,2025-06-25,2025-06-30,West,Cardiff,Small Business,Retail Store,P-006,2,0,228.88,7
ORD-100538,2024-06-09,2024-06-15,South,Bristol,Small Business,B2B Sales,P-010,25,0,148.09,9.45
ORD-100539,2025-05-27,2025-06-02,West,Liverpool,Home Office,Retail Store,P-002,1,0.05,189.82,4.08
ORD-100540,2024-07-22,2024-07-25,South,Bristol,Home Office,Retail Store,P-014,12,0,302.03,5.94
ORD-100541,2025-06-06,2025-06-08,North,Leeds,Corporate,Retail Store,P-006,1,0.2,88.53,5.75
ORD-100542,2024-02-16,2024-02-18,North,Leeds,Home Office,Online,P-003,3,0,309.01,11.4
ORD-100543,2025-12-14,2025-12-20,South,London,Home Office,Retail Store,P-014,13,0,524.67,10.35
ORD-100544,2025-08-05,2025-08-06,South,Bristol,Small Business,B2B Sales,P-001,2,0.2,435.09,5.46
ORD-100545,2025-04-18,2025-04-23,West,Liverpool,Small Business,Retail Store,P-003,1,0,105.73,6.8
ORD-100546,2024-02-08,2024-02-13,North,Leeds,Corporate,B2B Sales,P-008,7,0,1258.05,7.95
ORD-100547,2024-02-02,2024-02-07,West,Birmingham,Corporate,Online,P-014,8,0,206.57,4.86
ORD-100548,2025-03-09,2025-03-13,North,Newcastle,Corporate,Online,P-003,2,0,215.61,5.46
ORD-100549,2025-09-02,2025-09-08,East,Cambridge,Corporate,Retail Store,P-009,3,0,416.96,4.95
ORD-100550,2025-01-03,2025-01-04,South,Brighton,Corporate,B2B Sales,P-012,3,0,21.32,3.51
ORD-100551,2024-02-09,2024-02-12,South,London,Home Office,Online,P-002,1,0.1,174.78,6.8
ORD-100552,2024-07-28,2024-07-29,East,Cambridge,Home Office,Online,P-013,9,0,97.93,5.13
ORD-100553,2024-08-12,2024-08-13,South,Brighton,Corporate,B2B Sales,P-007,4,0.05,205.91,5.7
ORD-100554,2024-05-08,2024-05-10,West,Birmingham,Small Business,Retail Store,P-002,2,0.2,319.62,5.46
ORD-100555,2025-05-10,2025-05-11,South,Bristol,Corporate,Online,P-011,10,0,154.19,9
ORD-100556,2025-08-24,2025-08-25,East,Peterborough,Home Office,Online,P-008,4,0,771.96,9.5
ORD-100557,2024-11-29,2024-12-04,South,Brighton,Small Business,Online,P-003,1,0,146.26,4.08
ORD-100558,2025-12-04,2025-12-06,South,London,Corporate,Online,P-014,7,0.1,248.1,4.59
ORD-100559,2025-04-08,2025-04-09,East,Norwich,Home Office,Online,P-013,11,0,129.01,5.67
ORD-100560,2025-06-11,2025-06-16,South,Brighton,Small Business,Online,P-012,6,0,50.85,4.32
ORD-100561,2025-02-17,2025-02-20,South,Bristol,Small Business,Online,P-005,7,0.05,290.55,7.95
ORD-100562,2024-06-09,2024-06-13,North,Newcastle,Small Business,Online,P-001,4,0.15,976.8,13.7
ORD-100563,2025-10-31,2025-11-01,West,Birmingham,Home Office,Online,P-009,5,0,727.7,10.75
ORD-100564,2025-03-16,2025-03-21,North,Manchester,Corporate,B2B Sales,P-009,2,0,230.59,4.2
ORD-100565,2025-12-02,2025-12-06,North,Newcastle,Corporate,Retail Store,P-011,13,0,272.36,6.21
ORD-100566,2025-07-19,2025-07-22,South,Bristol,Corporate,Retail Store,P-010,5,0,26.64,6.75
ORD-100567,2024-10-22,2024-10-28,South,Brighton,Small Business,Retail Store,P-014,8,0,269,8.1
ORD-100568,2024-08-13,2024-08-16,West,Birmingham,Home Office,Online,P-008,1,0.15,158.19,3.45
ORD-100569,2025-06-23,2025-06-26,West,Liverpool,Corporate,Online,P-013,10,0.25,100.11,9
ORD-100570,2024-07-27,2024-08-02,East,Norwich,Corporate,Retail Store,P-002,1,0.15,158.94,4.08
ORD-100571,2025-05-27,2025-05-29,West,Liverpool,Small Business,Retail Store,P-013,14,0.15,151.26,10.8
ORD-100572,2025-12-18,2025-12-19,South,Brighton,Home Office,Online,P-002,2,0,580.1,5.46
ORD-100573,2024-02-06,2024-02-09,North,Newcastle,Small Business,Online,P-004,1,0,95.14,6.8
ORD-100574,2025-12-15,2025-12-19,West,Liverpool,Home Office,B2B Sales,P-005,2,0,154.46,7
ORD-100575,2024-09-15,2024-09-20,West,Cardiff,Small Business,B2B Sales,P-007,7,0.25,321.29,7.95
ORD-100576,2024-11-06,2024-11-11,West,Cardiff,Corporate,Retail Store,P-013,13,0.05,191.19,6.21
ORD-100577,2025-03-14,2025-03-18,South,Bristol,Corporate,Retail Store,P-015,5,0,29.57,6.75
ORD-100578,2025-09-22,2025-09-26,South,Brighton,Home Office,B2B Sales,P-007,3,0,183.09,8.25
ORD-100579,2025-02-25,2025-03-01,West,Liverpool,Small Business,Online,P-012,13,0,91.92,6.21
ORD-100580,2025-02-23,2025-02-26,South,Brighton,Small Business,Online,P-003,3,0,317.26,11.4
ORD-100581,2025-09-22,2025-09-25,North,Newcastle,Home Office,Online,P-004,2,0,235.73,5.46
ORD-100582,2025-07-01,2025-07-07,East,Peterborough,Small Business,B2B Sales,P-003,2,0.05,202.46,5.46
ORD-100583,2024-10-13,2024-10-15,East,Peterborough,Home Office,Online,P-005,4,0,228.35,9.5
ORD-100584,2025-03-02,2025-03-06,East,Norwich,Small Business,B2B Sales,P-001,3,0,808.55,11.4
ORD-100585,2024-12-15,2024-12-17,West,Liverpool,Corporate,B2B Sales,P-006,2,0.15,278.28,4.2
ORD-100586,2024-11-23,2024-11-26,East,Cambridge,Home Office,Retail Store,P-005,3,0.15,186.25,4.95
ORD-100587,2024-09-21,2024-09-26,South,London,Corporate,Retail Store,P-003,4,0,501.71,8.22
ORD-100588,2024-04-24,2024-04-29,North,Leeds,Small Business,B2B Sales,P-013,7,0,78.88,7.65
ORD-100589,2024-10-19,2024-10-21,South,Brighton,Corporate,B2B Sales,P-015,6,0.15,35.78,4.32
ORD-100590,2024-06-27,2024-07-01,West,Liverpool,Corporate,Retail Store,P-014,11,0,318.98,5.67
ORD-100591,2025-05-13,2025-05-17,South,London,Small Business,Retail Store,P-004,2,0,221.15,5.46
ORD-100592,2025-03-07,2025-03-12,West,Birmingham,Home Office,B2B Sales,P-003,1,0.25,81.75,6.8
ORD-100593,2025-06-28,2025-07-03,South,Brighton,Small Business,Online,P-011,6,0,96.54,7.2
ORD-100594,2025-07-08,2025-07-14,North,Leeds,Corporate,Online,P-013,5,0.25,43.06,6.75
ORD-100595,2024-08-14,2024-08-17,South,Brighton,Home Office,B2B Sales,P-011,7,0,95.21,4.59
ORD-100596,2024-10-24,2024-10-25,South,Brighton,Small Business,Online,P-015,13,0.2,74.12,6.21
ORD-100597,2024-12-18,2024-12-19,West,Liverpool,Small Business,Online,P-006,1,0.05,147.86,3.45
ORD-100598,2024-06-25,2024-06-28,West,Cardiff,Corporate,Online,P-008,3,0.2,485.75,8.25
ORD-100599,2024-05-05,2024-05-06,South,London,Corporate,Online,P-015,7,0.2,34.02,4.59
ORD-100600,2025-09-03,2025-09-05,East,Cambridge,Home Office,Online,P-007,4,0,240.48,5.7
ORD-100601,2025-05-04,2025-05-07,North,Newcastle,Home Office,Online,P-013,7,0.25,61.58,4.59
ORD-100602,2025-04-04,2025-04-09,East,Cambridge,Small Business,Retail Store,P-007,4,0.1,208.9,9.5
ORD-100603,2025-09-11,2025-09-16,North,Leeds,Corporate,Online,P-004,2,0,235.3,9.1
ORD-100604,2024-10-17,2024-10-21,East,Peterborough,Small Business,Retail Store,P-009,4,0.1,514.56,5.7
ORD-100605,2025-11-27,2025-12-03,South,London,Small Business,B2B Sales,P-007,1,0,74.41,3.45
ORD-100606,2025-05-21,2025-05-27,East,Norwich,Small Business,Retail Store,P-008,5,0.25,723.31,6.45
ORD-100607,2025-12-01,2025-12-04,East,Norwich,Small Business,Retail Store,P-010,6,0.15,42.49,7.2
ORD-100608,2024-12-08,2024-12-09,South,London,Small Business,Retail Store,P-012,4,0,47.36,3.78
ORD-100609,2025-01-23,2025-01-28,North,Manchester,Corporate,Online,P-005,2,0,87.13,4.2
ORD-100610,2024-01-10,2024-01-11,South,London,Home Office,Retail Store,P-013,5,0,56.03,4.05
ORD-100611,2025-10-12,2025-10-14,North,Manchester,Home Office,Retail Store,P-010,14,0,100.06,10.8
ORD-100612,2024-12-06,2024-12-09,East,Norwich,Small Business,Retail Store,P-009,3,0.25,404.69,8.25
ORD-100613,2024-10-11,2024-10-12,West,Cardiff,Corporate,Retail Store,P-002,7,0,1648.94,12.36
ORD-100614,2024-01-31,2024-02-04,West,Birmingham,Corporate,B2B Sales,P-002,2,0.2,297.14,5.46
ORD-100615,2025-04-19,2025-04-23,North,Manchester,Small Business,Retail Store,P-005,3,0.15,132.31,4.95
ORD-100616,2025-01-12,2025-01-18,East,Peterborough,Home Office,Online,P-013,3,0.2,25.32,5.85
ORD-100617,2025-03-31,2025-04-05,East,Peterborough,Corporate,B2B Sales,P-008,2,0.1,327.04,7
ORD-100618,2025-01-12,2025-01-15,North,Newcastle,Small Business,B2B Sales,P-008,2,0.25,256.58,4.2
ORD-100619,2025-11-08,2025-11-14,West,Birmingham,Small Business,B2B Sales,P-001,3,0,1221.14,11.4
ORD-100620,2025-05-21,2025-05-25,West,Birmingham,Corporate,Online,P-004,4,0.2,336.15,8.22
ORD-100621,2024-08-20,2024-08-26,North,Leeds,Corporate,B2B Sales,P-013,6,0.25,53.12,4.32
ORD-100622,2025-03-11,2025-03-16,North,Manchester,Small Business,B2B Sales,P-015,6,0.05,31.61,4.32
ORD-100623,2025-11-18,2025-11-21,North,Manchester,Corporate,Retail Store,P-008,2,0.25,397.72,7
ORD-100624,2025-08-22,2025-08-25,South,London,Corporate,B2B Sales,P-011,7,0,92.67,7.65
ORD-100625,2024-07-05,2024-07-09,North,Leeds,Home Office,B2B Sales,P-006,4,0.1,368.52,9.5
ORD-100626,2024-07-22,2024-07-24,South,London,Corporate,Online,P-013,3,0,32.21,5.85
ORD-100627,2024-08-29,2024-09-03,East,Norwich,Home Office,Retail Store,P-014,14,0.1,324.54,10.8
ORD-100628,2025-09-12,2025-09-15,North,Manchester,Small Business,B2B Sales,P-008,1,0,206.56,3.45
ORD-100629,2025-10-24,2025-10-25,North,Leeds,Home Office,B2B Sales,P-005,4,0,243.15,5.7
ORD-100630,2024-08-11,2024-08-17,East,Cambridge,Small Business,B2B Sales,P-013,8,0.05,93.06,4.86
ORD-100631,2024-01-27,2024-01-31,East,Norwich,Small Business,Retail Store,P-006,1,0,96.96,5.75
ORD-100632,2024-03-04,2024-03-05,North,Leeds,Home Office,Retail Store,P-011,6,0,84.93,7.2
ORD-100633,2025-08-19,2025-08-21,North,Manchester,Small Business,Online,P-005,1,0,51.08,3.45
ORD-100634,2024-11-05,2024-11-06,West,Liverpool,Home Office,Online,P-008,2,0.15,443.73,7
ORD-100635,2024-12-11,2024-12-12,East,Cambridge,Small Business,Online,P-014,3,0,114.06,5.85
ORD-100636,2024-06-23,2024-06-28,West,Liverpool,Small Business,Retail Store,P-004,7,0,829.96,12.36
ORD-100637,2024-06-22,2024-06-28,North,Manchester,Small Business,Retail Store,P-011,5,0.2,62.81,4.05
ORD-100638,2025-01-15,2025-01-16,North,Leeds,Corporate,Retail Store,P-012,12,0,83.82,5.94
ORD-100639,2025-07-03,2025-07-09,North,Leeds,Corporate,B2B Sales,P-014,6,0,149,7.2
ORD-100640,2024-08-28,2024-08-30,East,Cambridge,Home Office,Retail Store,P-014,3,0.15,64.9,5.85
ORD-100641,2025-02-06,2025-02-11,East,Norwich,Small Business,Online,P-001,1,0.1,229.93,6.8
ORD-100642,2025-02-23,2025-02-28,North,Newcastle,Small Business,Online,P-011,8,0,109.95,4.86
ORD-100643,2025-10-18,2025-10-22,North,Leeds,Corporate,Online,P-001,4,0,1312.22,8.22
ORD-100644,2024-08-29,2024-08-31,North,Newcastle,Home Office,Online,P-001,7,0,1980.24,20.6
ORD-100645,2024-12-22,2024-12-23,North,Leeds,Small Business,Online,P-008,3,0.15,721.78,8.25
ORD-100646,2024-08-12,2024-08-15,East,Peterborough,Home Office,Online,P-007,3,0.25,127.94,8.25
ORD-100647,2025-08-29,2025-09-01,North,Manchester,Small Business,B2B Sales,P-012,13,0,104.09,6.21
ORD-100648,2025-02-17,2025-02-23,West,Birmingham,Corporate,Online,P-007,5,0,256.26,6.45
ORD-100649,2025-09-20,2025-09-23,South,Bristol,Small Business,B2B Sales,P-010,4,0.25,20.01,3.78
ORD-100650,2024-07-31,2024-08-01,East,Norwich,Small Business,Online,P-009,4,0,459,5.7
ORD-100651,2025-12-24,2025-12-28,North,Newcastle,Corporate,Retail Store,P-013,7,0.2,92.21,7.65
ORD-100652,2025-08-13,2025-08-14,South,London,Home Office,Retail Store,P-008,1,0.05,180.19,3.45
ORD-100653,2025-06-30,2025-07-01,East,Peterborough,Corporate,Online,P-011,8,0.1,108.55,8.1
ORD-100654,2024-11-10,2024-11-11,South,London,Small Business,B2B Sales,P-010,9,0.15,59.91,5.13
ORD-100655,2025-06-27,2025-06-29,East,Peterborough,Small Business,Retail Store,P-006,2,0.05,209.09,7
ORD-100656,2024-02-27,2024-03-02,North,Manchester,Corporate,Online,P-009,4,0,461.89,9.5
ORD-100657,2024-06-08,2024-06-14,South,Brighton,Small Business,Online,P-004,2,0.15,200.62,9.1
ORD-100658,2024-03-06,2024-03-07,North,Newcastle,Corporate,Online,P-012,8,0.2,51.33,4.86
ORD-100659,2024-06-20,2024-06-21,North,Newcastle,Corporate,Retail Store,P-004,4,0.2,355.81,13.7
ORD-100660,2024-08-20,2024-08-23,East,Peterborough,Small Business,Online,P-011,18,0,243.78,12.6
ORD-100661,2025-12-09,2025-12-14,North,Leeds,Small Business,Online,P-001,4,0.2,1296.36,13.7
ORD-100662,2025-06-04,2025-06-10,South,London,Corporate,B2B Sales,P-013,5,0,64.29,4.05
ORD-100663,2025-03-08,2025-03-09,East,Cambridge,Corporate,Retail Store,P-002,4,0,746.09,8.22
ORD-100664,2024-04-05,2024-04-07,East,Norwich,Corporate,B2B Sales,P-015,9,0.1,49.82,8.55
ORD-100665,2025-06-04,2025-06-05,South,Brighton,Small Business,B2B Sales,P-007,2,0,114.15,7
ORD-100666,2025-08-03,2025-08-04,East,Peterborough,Corporate,Retail Store,P-004,4,0,416.92,8.22
ORD-100667,2024-10-09,2024-10-14,South,Bristol,Corporate,Retail Store,P-013,13,0,174.63,6.21
ORD-100668,2025-04-28,2025-05-01,North,Manchester,Home Office,B2B Sales,P-007,4,0.15,198.35,5.7
ORD-100669,2024-04-25,2024-04-28,North,Manchester,Corporate,Online,P-011,10,0,136.6,5.4
ORD-100670,2024-12-18,2024-12-21,West,Liverpool,Home Office,Retail Store,P-010,10,0.05,79.93,9
ORD-100671,2024-05-04,2024-05-07,East,Cambridge,Corporate,B2B Sales,P-007,4,0.2,186.24,5.7
ORD-100672,2025-07-28,2025-08-02,North,Newcastle,Small Business,Online,P-011,8,0.05,104.04,8.1
ORD-100673,2024-02-07,2024-02-12,North,Manchester,Home Office,Online,P-005,3,0.05,138.27,4.95
ORD-100674,2025-11-10,2025-11-15,East,Peterborough,Corporate,B2B Sales,P-009,4,0,713.61,5.7
ORD-100675,2024-08-26,2024-09-01,South,London,Small Business,Retail Store,P-003,3,0,304.38,11.4
ORD-100676,2025-05-12,2025-05-15,East,Cambridge,Small Business,Online,P-012,10,0,83.64,9
ORD-100677,2025-08-08,2025-08-09,West,Liverpool,Home Office,Online,P-010,13,0,73.14,10.35
ORD-100678,2025-05-09,2025-05-11,North,Manchester,Home Office,Online,P-004,1,0,110.1,6.8
ORD-100679,2025-08-23,2025-08-24,East,Norwich,Home Office,Retail Store,P-011,5,0.1,66.67,4.05
ORD-100680,2025-04-11,2025-04-15,North,Leeds,Small Business,B2B Sales,P-007,1,0.05,52.62,3.45
ORD-100681,2025-08-10,2025-08-12,West,Cardiff,Small Business,Online,P-004,4,0,398.85,13.7
ORD-100682,2024-04-24,2024-04-25,West,Cardiff,Corporate,Online,P-014,4,0.15,90.35,3.78
ORD-100683,2024-07-21,2024-07-23,West,Liverpool,Corporate,Retail Store,P-011,13,0,173.31,6.21
ORD-100684,2025-07-16,2025-07-18,East,Norwich,Small Business,Retail Store,P-010,13,0,70.49,6.21
ORD-100685,2024-11-22,2024-11-25,South,London,Corporate,Retail Store,P-004,2,0,292.84,5.46
ORD-100686,2024-03-05,2024-03-10,North,Manchester,Home Office,Retail Store,P-009,4,0.1,424.33,5.7
ORD-100687,2025-08-06,2025-08-12,West,Birmingham,Corporate,B2B Sales,P-008,2,0.15,295.94,4.2
ORD-100688,2024-02-06,2024-02-12,North,Newcastle,Corporate,Retail Store,P-009,4,0.15,403.87,9.5
ORD-100689,2024-05-21,2024-05-26,South,London,Home Office,Retail Store,P-015,10,0,61.08,9
ORD-100690,2024-09-13,2024-09-14,East,Cambridge,Home Office,Online,P-009,1,0.1,118.67,3.45
ORD-100691,2024-10-02,2024-10-03,North,Manchester,Corporate,Online,P-012,14,0,133.18,6.48
ORD-100692,2024-04-21,2024-04-22,South,Brighton,Home Office,Online,P-005,3,0.05,137.59,8.25
ORD-100693,2025-03-24,2025-03-27,East,Cambridge,Corporate,B2B Sales,P-012,10,0,74.48,5.4
ORD-100694,2025-04-11,2025-04-16,West,Cardiff,Small Business,Retail Store,P-001,1,0,288.8,6.8
ORD-100695,2024-05-11,2024-05-12,North,Newcastle,Corporate,Retail Store,P-001,1,0.05,261.9,4.08
ORD-100696,2024-11-05,2024-11-06,East,Peterborough,Small Business,Retail Store,P-013,3,0.15,40.33,3.51
ORD-100697,2025-08-05,2025-08-06,North,Leeds,Corporate,Online,P-015,9,0,50.11,5.13
ORD-100698,2024-05-01,2024-05-05,South,Brighton,Corporate,B2B Sales,P-007,2,0,116.58,4.2
ORD-100699,2025-01-06,2025-01-08,East,Peterborough,Small Business,Online,P-009,1,0,113.77,3.45
ORD-100700,2025-03-27,2025-03-29,North,Manchester,Corporate,Retail Store,P-007,3,0,165.84,8.25
ORD-100701,2024-08-14,2024-08-15,South,London,Small Business,Online,P-005,4,0.15,164.85,9.5
ORD-100702,2024-02-19,2024-02-23,North,Manchester,Home Office,Retail Store,P-010,8,0.1,39.81,4.86
ORD-100703,2025-12-25,2025-12-30,South,Brighton,Corporate,Retail Store,P-003,4,0,619.28,13.7
ORD-100704,2025-03-11,2025-03-12,East,Cambridge,Corporate,Online,P-004,3,0,310.1,11.4
ORD-100705,2024-05-17,2024-05-19,East,Peterborough,Home Office,B2B Sales,P-012,10,0.2,70.82,9
ORD-100706,2025-06-20,2025-06-26,South,Brighton,Corporate,Retail Store,P-010,14,0.25,67.49,10.8
ORD-100707,2025-06-04,2025-06-08,East,Peterborough,Small Business,Online,P-014,8,0,238.04,8.1
ORD-100708,2025-01-08,2025-01-12,North,Newcastle,Small Business,Retail Store,P-008,1,0,163.78,5.75
ORD-100709,2024-06-10,2024-06-13,North,Newcastle,Small Business,B2B Sales,P-006,2,0,246.98,4.2
ORD-100710,2025-11-26,2025-11-29,West,Liverpool,Small Business,B2B Sales,P-002,1,0,284.32,6.8
ORD-100711,2025-08-25,2025-08-31,South,Brighton,Small Business,Online,P-009,3,0,355.75,8.25
ORD-100712,2024-09-04,2024-09-07,North,Manchester,Corporate,Retail Store,P-010,9,0,58.37,5.13
ORD-100713,2024-02-25,2024-02-27,South,Brighton,Home Office,B2B Sales,P-003,3,0,322.5,6.84
ORD-100714,2025-01-01,2025-01-04,North,Newcastle,Small Business,Online,P-004,3,0,273.39,11.4
ORD-100715,2025-01-06,2025-01-07,East,Cambridge,Corporate,Online,P-011,8,0.15,83.92,4.86
ORD-100716,2024-02-26,2024-02-29,North,Newcastle,Home Office,Retail Store,P-009,3,0.05,314.85,8.25
ORD-100717,2025-12-19,2025-12-21,West,Cardiff,Corporate,Online,P-006,2,0,332.31,7
ORD-100718,2025-01-20,2025-01-22,East,Peterborough,Corporate,Online,P-004,4,0,382.36,13.7
ORD-100719,2025-07-27,2025-07-28,South,London,Corporate,B2B Sales,P-007,1,0,51.32,3.45
ORD-100720,2024-05-04,2024-05-06,South,London,Small Business,Online,P-005,2,0,103.07,7
ORD-100721,2025-01-13,2025-01-14,South,London,Corporate,Retail Store,P-015,13,0,67.05,10.35
ORD-100722,2025-05-09,2025-05-11,South,Brighton,Corporate,Retail Store,P-015,8,0,49.8,4.86
ORD-100723,2025-10-03,2025-10-09,South,London,Home Office,Retail Store,P-009,4,0,561.3,5.7
ORD-100724,2025-08-18,2025-08-22,East,Peterborough,Small Business,Retail Store,P-006,5,0.15,435.24,6.45
ORD-100725,2025-05-23,2025-05-28,South,Brighton,Corporate,Retail Store,P-007,4,0.05,226.78,9.5
ORD-100726,2024-05-03,2024-05-04,North,Manchester,Small Business,B2B Sales,P-009,3,0,383.24,4.95
ORD-100727,2024-07-20,2024-07-25,East,Cambridge,Small Business,Retail Store,P-007,4,0,217.46,5.7
ORD-100728,2025-04-06,2025-04-11,South,Brighton,Home Office,Retail Store,P-013,14,0.1,158.45,10.8
ORD-100729,2025-09-08,2025-09-14,East,Cambridge,Corporate,Retail Store,P-004,2,0,244.9,5.46
ORD-100730,2025-07-25,2025-07-26,North,Manchester,Home Office,Online,P-013,13,0.1,138,10.35
ORD-100731,2024-08-19,2024-08-20,North,Leeds,Home Office,B2B Sales,P-005,4,0,189.13,5.7
ORD-100732,2025-11-14,2025-11-19,East,Cambridge,Small Business,Online,P-004,4,0.05,571.58,8.22
ORD-100733,2025-02-25,2025-02-26,West,Liverpool,Corporate,Retail Store,P-010,10,0,53.37,5.4
ORD-100734,2024-03-26,2024-03-27,East,Cambridge,Small Business,Retail Store,P-012,10,0,76.78,9
ORD-100735,2024-11-25,2024-11-27,South,London,Small Business,B2B Sales,P-011,7,0.05,135.1,7.65
ORD-100736,2025-06-15,2025-06-17,West,Liverpool,Corporate,B2B Sales,P-007,4,0.25,177.16,5.7
ORD-100737,2024-03-04,2024-03-10,South,Bristol,Small Business,Retail Store,P-003,2,0,219.06,5.46
ORD-100738,2025-06-25,2025-06-27,South,London,Corporate,Online,P-012,3,0,26.49,3.51
ORD-100739,2024-11-13,2024-11-19,East,Norwich,Corporate,Online,P-005,4,0,283.85,5.7
ORD-100740,2025-02-19,2025-02-20,West,Cardiff,Home Office,Retail Store,P-005,2,0.25,72.62,7
ORD-100741,2024-07-18,2024-07-21,North,Newcastle,Small Business,Online,P-015,4,0,22.76,3.78
ORD-100742,2025-06-15,2025-06-16,East,Peterborough,Corporate,Online,P-003,4,0,459.71,8.22
ORD-100743,2025-12-07,2025-12-13,North,Newcastle,Corporate,Retail Store,P-011,4,0,80.01,3.78
ORD-100744,2024-12-20,2024-12-23,South,Bristol,Home Office,Online,P-009,1,0.25,140.85,5.75
ORD-100745,2024-10-06,2024-10-09,South,London,Home Office,Retail Store,P-010,20,0.15,112.86,8.1
ORD-100746,2025-08-01,2025-08-05,North,Leeds,Home Office,Retail Store,P-010,14,0.05,72.04,6.48
ORD-100747,2025-09-19,2025-09-25,South,London,Corporate,Online,P-007,3,0,190.62,4.95
ORD-100748,2024-04-12,2024-04-17,North,Leeds,Small Business,Retail Store,P-009,1,0.2,99.98,3.45
ORD-100749,2024-10-17,2024-10-18,South,London,Corporate,Retail Store,P-011,4,0.15,57.79,3.78
ORD-100750,2025-09-09,2025-09-11,North,Manchester,Small Business,Retail Store,P-010,5,0,32.26,4.05
ORD-100751,2025-12-06,2025-12-11,West,Cardiff,Home Office,Retail Store,P-007,3,0,230.32,8.25
ORD-100752,2024-11-18,2024-11-20,West,Liverpool,Small Business,Online,P-010,25,0,200.11,9.45
ORD-100753,2025-02-11,2025-02-13,East,Norwich,Small Business,Retail Store,P-013,14,0,155.04,6.48
ORD-100754,2024-11-13,2024-11-17,South,London,Small Business,B2B Sales,P-009,1,0.2,132.72,5.75
ORD-100755,2024-07-13,2024-07-16,East,Norwich,Home Office,Retail Store,P-007,3,0,150.75,8.25
ORD-100756,2024-05-04,2024-05-09,West,Birmingham,Small Business,B2B Sales,P-005,2,0,99.2,4.2
ORD-100757,2025-03-20,2025-03-24,East,Norwich,Home Office,B2B Sales,P-005,4,0.2,151.16,5.7
ORD-100758,2025-02-12,2025-02-17,East,Norwich,Small Business,Retail Store,P-008,1,0,167.94,5.75
ORD-100759,2025-10-13,2025-10-18,South,Brighton,Home Office,B2B Sales,P-003,4,0,519.3,13.7
ORD-100760,2025-12-12,2025-12-14,West,Liverpool,Corporate,B2B Sales,P-011,13,0.2,221.86,10.35
ORD-100761,2025-10-04,2025-10-05,North,Newcastle,Small Business,Online,P-014,5,0.25,123.93,6.75
ORD-100762,2024-10-25,2024-10-26,East,Peterborough,Home Office,Online,P-006,3,0,400.14,8.25
ORD-100763,2025-02-17,2025-02-23,South,London,Small Business,B2B Sales,P-008,2,0,336.97,4.2
ORD-100764,2024-08-02,2024-08-07,West,Birmingham,Home Office,Retail Store,P-012,10,0.1,74.55,9
ORD-100765,2024-07-22,2024-07-25,East,Norwich,Small Business,B2B Sales,P-011,5,0,71.79,6.75
ORD-100766,2025-09-10,2025-09-16,East,Peterborough,Home Office,Online,P-013,9,0,118.35,8.55
ORD-100767,2024-09-11,2024-09-16,East,Peterborough,Small Business,Online,P-006,2,0.1,211.31,7
ORD-100768,2024-10-18,2024-10-22,North,Newcastle,Home Office,Retail Store,P-003,3,0,377.34,11.4
ORD-100769,2024-07-18,2024-07-19,South,Bristol,Corporate,B2B Sales,P-002,2,0.05,352.95,5.46
ORD-100770,2024-04-04,2024-04-10,West,Liverpool,Home Office,Online,P-011,6,0,86.34,4.32
ORD-100771,2025-06-23,2025-06-26,West,Birmingham,Corporate,Online,P-015,12,0.05,69.81,9.9
ORD-100772,2024-03-21,2024-03-24,South,London,Small Business,B2B Sales,P-012,3,0,24.12,5.85
ORD-100773,2024-08-29,2024-09-01,West,Birmingham,Small Business,Retail Store,P-004,2,0.2,173.36,9.1
ORD-100774,2024-06-18,2024-06-21,East,Peterborough,Home Office,Online,P-001,4,0,1207.95,8.22
ORD-100775,2025-08-13,2025-08-19,West,Liverpool,Corporate,B2B Sales,P-005,2,0,103.35,7
ORD-100776,2024-02-01,2024-02-05,East,Peterborough,Home Office,B2B Sales,P-014,13,0,337.99,6.21
ORD-100777,2024-12-28,2025-01-03,South,Brighton,Home Office,Retail Store,P-001,1,0.05,376.71,6.8
ORD-100778,2025-03-16,2025-03-19,West,Liverpool,Corporate,B2B Sales,P-009,2,0,247.56,7
ORD-100779,2024-09-19,2024-09-20,South,Bristol,Small Business,Retail Store,P-014,13,0,387.08,6.21
ORD-100780,2024-09-09,2024-09-13,East,Norwich,Small Business,B2B Sales,P-008,1,0.25,163.61,5.75
ORD-100781,2025-05-01,2025-05-03,North,Leeds,Corporate,Online,P-009,2,0,250.13,4.2
ORD-100782,2025-12-18,2025-12-24,West,Cardiff,Small Business,Online,P-014,14,0.15,484.61,6.48
ORD-100783,2025-09-25,2025-10-01,East,Norwich,Small Business,Retail Store,P-003,1,0.1,109.64,4.08
ORD-100784,2024-12-31,2025-01-01,North,Leeds,Small Business,Online,P-009,1,0,168.87,5.75
ORD-100785,2025-02-28,2025-03-01,North,Newcastle,Small Business,Retail Store,P-002,3,0,544.8,11.4
ORD-100786,2025-02-20,2025-02-22,West,Cardiff,Small Business,Retail Store,P-005,4,0.1,158.87,9.5
ORD-100787,2024-06-11,2024-06-16,South,Brighton,Small Business,Retail Store,P-007,3,0,182.01,4.95
ORD-100788,2024-11-13,2024-11-17,West,Liverpool,Corporate,Retail Store,P-003,3,0,469.74,6.84
ORD-100789,2025-04-06,2025-04-08,South,Brighton,Corporate,Online,P-009,1,0,126.42,5.75
ORD-100790,2025-03-19,2025-03-22,South,Brighton,Corporate,Online,P-007,2,0.25,78.98,7
ORD-100791,2025-11-14,2025-11-15,West,Cardiff,Home Office,Online,P-012,14,0.2,119.67,10.8
ORD-100792,2025-06-13,2025-06-18,East,Cambridge,Small Business,B2B Sales,P-015,7,0.1,39.01,4.59
ORD-100793,2024-08-24,2024-08-30,South,Bristol,Corporate,B2B Sales,P-012,5,0,39.35,6.75
ORD-100794,2024-10-14,2024-10-20,North,Newcastle,Small Business,Retail Store,P-001,2,0.25,506.82,5.46
ORD-100795,2025-04-09,2025-04-11,East,Peterborough,Home Office,B2B Sales,P-002,2,0,409.41,9.1
ORD-100796,2024-02-07,2024-02-09,East,Norwich,Home Office,Online,P-013,11,0,117,5.67
ORD-100797,2024-02-17,2024-02-22,South,London,Small Business,B2B Sales,P-002,3,0,560.17,6.84
ORD-100798,2025-09-28,2025-09-30,North,Newcastle,Small Business,Retail Store,P-015,11,0.2,59.73,5.67
ORD-100799,2024-03-21,2024-03-27,East,Peterborough,Home Office,Retail Store,P-015,7,0,41.02,7.65
ORD-100800,2025-04-30,2025-05-01,North,Leeds,Corporate,Online,P-006,4,0,462.5,5.7
ORD-100801,2024-06-24,2024-06-29,East,Cambridge,Corporate,B2B Sales,P-008,1,0,199.77,3.45
ORD-100802,2024-04-05,2024-04-07,North,Newcastle,Home Office,Online,P-002,2,0.1,352.02,5.46
ORD-100803,2024-06-18,2024-06-21,North,Leeds,Home Office,B2B Sales,P-014,9,0,254.55,5.13
ORD-100804,2025-06-28,2025-06-29,North,Leeds,Small Business,B2B Sales,P-009,2,0.15,230.9,4.2
ORD-100805,2024-05-04,2024-05-09,North,Leeds,Small Business,Retail Store,P-012,13,0,112.24,6.21
ORD-100806,2025-08-15,2025-08-20,East,Cambridge,Home Office,Retail Store,P-006,1,0.1,91.53,5.75
ORD-100807,2024-06-21,2024-06-26,East,Cambridge,Home Office,Online,P-003,2,0.1,221.23,9.1
ORD-100808,2025-11-05,2025-11-08,South,London,Corporate,Online,P-005,5,0.25,263.4,6.45
ORD-100809,2025-09-08,2025-09-14,North,Manchester,Small Business,B2B Sales,P-002,1,0.25,159.36,4.08
ORD-100810,2025-11-17,2025-11-21,East,Cambridge,Home Office,Online,P-001,2,0.05,771.48,9.1
ORD-100811,2024-01-04,2024-01-07,West,Birmingham,Corporate,B2B Sales,P-014,9,0,214.54,8.55
ORD-100812,2024-01-28,2024-02-01,East,Cambridge,Home Office,Online,P-004,3,0,284.43,6.84
ORD-100813,2025-09-26,2025-09-30,South,Bristol,Home Office,Online,P-013,13,0.15,141.59,10.35
ORD-100814,2025-09-17,2025-09-21,West,Birmingham,Small Business,B2B Sales,P-013,12,0.1,134.39,5.94
ORD-100815,2025-03-17,2025-03-21,East,Norwich,Corporate,Retail Store,P-005,2,0.2,79.46,7
ORD-100816,2024-04-07,2024-04-08,West,Birmingham,Small Business,Retail Store,P-001,4,0.15,965.54,8.22
ORD-100817,2024-10-26,2024-10-27,West,Liverpool,Home Office,Retail Store,P-013,3,0,44.23,5.85
ORD-100818,2025-10-01,2025-10-03,South,London,Corporate,Online,P-013,25,0,341.81,9.45
ORD-100819,2025-07-21,2025-07-23,South,Bristol,Small Business,Retail Store,P-015,7,0,37.33,4.59
ORD-100820,2024-12-20,2024-12-21,East,Cambridge,Small Business,Online,P-008,3,0,867.86,4.95
ORD-100821,2024-01-05,2024-01-10,North,Leeds,Small Business,B2B Sales,P-008,1,0,163.8,3.45
ORD-100822,2025-07-25,2025-07-27,East,Cambridge,Small Business,Online,P-011,4,0.15,45.44,6.3
ORD-100823,2025-03-14,2025-03-19,East,Peterborough,Small Business,Online,P-006,4,0.2,336.21,9.5
ORD-100824,2024-10-31,2024-11-01,West,Cardiff,Corporate,B2B Sales,P-007,4,0,261.81,9.5
ORD-100825,2025-02-01,2025-02-06,North,Leeds,Home Office,Online,P-013,9,0,103.75,5.13
ORD-100826,2024-08-17,2024-08-18,South,Bristol,Home Office,Retail Store,P-007,2,0,105.71,7
ORD-100827,2024-09-24,2024-09-27,North,Newcastle,Home Office,B2B Sales,P-007,7,0,410.66,7.95
ORD-100828,2025-10-28,2025-11-01,North,Manchester,Small Business,B2B Sales,P-001,7,0,2278.6,12.36
ORD-100829,2025-09-23,2025-09-25,North,Manchester,Home Office,Retail Store,P-011,3,0,45.44,3.51
ORD-100830,2024-02-04,2024-02-09,East,Cambridge,Corporate,B2B Sales,P-005,4,0.15,151.18,9.5
ORD-100831,2024-08-29,2024-09-01,East,Cambridge,Home Office,Retail Store,P-011,4,0,54.59,6.3
ORD-100832,2025-01-02,2025-01-08,South,London,Home Office,Online,P-014,8,0,193.43,8.1
ORD-100833,2024-07-18,2024-07-20,East,Cambridge,Small Business,Online,P-005,1,0.2,36.24,3.45
ORD-100834,2025-02-04,2025-02-07,East,Cambridge,Home Office,Retail Store,P-010,16,0,90.53,11.7
ORD-100835,2024-11-20,2024-11-22,South,London,Small Business,Retail Store,P-006,4,0.15,533.4,9.5
ORD-100836,2025-08-12,2025-08-13,East,Peterborough,Home Office,Retail Store,P-005,7,0.2,271.35,7.95
ORD-100837,2024-05-27,2024-06-02,North,Manchester,Small Business,Online,P-008,2,0,384.91,4.2
ORD-100838,2024-10-26,2024-11-01,South,Bristol,Small Business,B2B Sales,P-006,3,0,405.34,8.25
ORD-100839,2024-01-02,2024-01-04,East,Peterborough,Corporate,Retail Store,P-013,14,0.05,139.03,6.48
ORD-100840,2025-02-12,2025-02-13,West,Birmingham,Small Business,Online,P-010,5,0.25,21.46,6.75
ORD-100841,2024-03-24,2024-03-30,North,Newcastle,Corporate,B2B Sales,P-001,3,0,791.41,11.4
ORD-100842,2024-06-04,2024-06-09,West,Liverpool,Home Office,Online,P-001,1,0.05,292.4,6.8
ORD-100843,2025-10-24,2025-10-29,East,Cambridge,Home Office,B2B Sales,P-010,9,0,59.56,5.13
ORD-100844,2025-07-01,2025-07-03,South,Bristol,Small Business,B2B Sales,P-009,4,0,460.28,9.5
ORD-100845,2025-09-07,2025-09-09,North,Manchester,Small Business,B2B Sales,P-002,4,0,852.81,8.22
ORD-100846,2024-12-14,2024-12-15,East,Norwich,Corporate,B2B Sales,P-005,2,0.1,132.27,4.2
ORD-100847,2025-11-28,2025-11-29,West,Birmingham,Small Business,B2B Sales,P-003,1,0.15,127.68,4.08
ORD-100848,2024-07-07,2024-07-13,North,Manchester,Small Business,B2B Sales,P-004,1,0,96.9,4.08
ORD-100849,2024-04-08,2024-04-09,West,Liverpool,Small Business,Retail Store,P-007,3,0.25,118.16,4.95
ORD-100850,2025-06-18,2025-06-24,North,Manchester,Small Business,Online,P-014,20,0,597.44,13.5
ORD-100851,2024-08-18,2024-08-22,North,Leeds,Corporate,Retail Store,P-012,5,0.05,37.7,6.75
ORD-100852,2024-04-15,2024-04-18,West,Birmingham,Home Office,Online,P-012,3,0,23.74,3.51
ORD-100853,2025-08-22,2025-08-24,East,Peterborough,Home Office,Retail Store,P-004,4,0.25,298.96,13.7
ORD-100854,2024-10-17,2024-10-21,East,Cambridge,Home Office,Retail Store,P-002,3,0,732.75,6.84
ORD-100855,2025-05-01,2025-05-07,South,London,Corporate,Retail Store,P-012,8,0,68.44,4.86
ORD-100856,2024-10-25,2024-10-27,North,Newcastle,Home Office,Online,P-012,8,0.2,64.07,8.1
ORD-100857,2025-01-07,2025-01-12,South,Brighton,Home Office,B2B Sales,P-014,23,0.05,510.04,8.91
ORD-100858,2025-07-25,2025-07-27,North,Newcastle,Small Business,B2B Sales,P-010,3,0.05,15.03,3.51
ORD-100859,2024-10-21,2024-10-27,West,Cardiff,Small Business,Online,P-013,10,0.05,131,9
ORD-100860,2024-08-27,2024-08-29,South,Brighton,Corporate,B2B Sales,P-012,9,0.1,66.01,8.55
ORD-100861,2025-02-24,2025-02-26,South,Bristol,Corporate,B2B Sales,P-015,7,0.1,33.29,4.59
ORD-100862,2024-05-05,2024-05-11,West,Liverpool,Small Business,B2B Sales,P-015,13,0,81.23,6.21
ORD-100863,2025-01-07,2025-01-13,South,Brighton,Home Office,Online,P-015,7,0,38.29,4.59
ORD-100864,2024-08-20,2024-08-23,East,Norwich,Corporate,B2B Sales,P-015,8,0,44.89,8.1
ORD-100865,2025-04-04,2025-04-09,East,Cambridge,Corporate,Online,P-002,2,0,405.6,5.46
ORD-100866,2024-11-13,2024-11-19,West,Cardiff,Home Office,Online,P-005,1,0.2,53.54,3.45
ORD-100867,2024-05-23,2024-05-24,West,Liverpool,Corporate,Online,P-001,2,0,584.3,5.46
ORD-100868,2025-11-25,2025-11-30,East,Cambridge,Small Business,Retail Store,P-003,4,0,592.17,8.22
ORD-100869,2024-02-29,2024-03-01,South,London,Corporate,Online,P-012,13,0,95.93,6.21
ORD-100870,2024-06-27,2024-06-30,North,Leeds,Small Business,Online,P-004,2,0,224.17,9.1
ORD-100871,2024-09-24,2024-09-28,West,Birmingham,Small Business,Online,P-001,4,0,1285.58,13.7
ORD-100872,2024-07-03,2024-07-04,North,Newcastle,Corporate,Retail Store,P-010,5,0,28.46,4.05
ORD-100873,2025-06-15,2025-06-18,East,Cambridge,Home Office,B2B Sales,P-015,11,0.1,62.45,5.67
ORD-100874,2024-10-03,2024-10-04,North,Newcastle,Corporate,B2B Sales,P-002,2,0.25,342.52,9.1
ORD-100875,2025-04-27,2025-05-01,East,Peterborough,Small Business,Retail Store,P-011,4,0,56.31,6.3
ORD-100876,2024-01-06,2024-01-07,North,Leeds,Corporate,B2B Sales,P-006,4,0,412.87,9.5
ORD-100877,2024-10-21,2024-10-22,West,Liverpool,Home Office,Retail Store,P-006,4,0,534.06,5.7
ORD-100878,2024-12-17,2024-12-23,North,Manchester,Small Business,Online,P-004,4,0.2,467.04,8.22
ORD-100879,2024-08-09,2024-08-12,West,Cardiff,Small Business,B2B Sales,P-001,3,0.05,771.08,11.4
ORD-100880,2025-08-18,2025-08-23,East,Cambridge,Corporate,Retail Store,P-007,5,0,278.72,6.45
ORD-100881,2024-10-21,2024-10-23,North,Manchester,Corporate,Online,P-013,11,0.05,146.04,9.45
ORD-100882,2025-07-26,2025-07-27,West,Cardiff,Small Business,Retail Store,P-010,7,0,39.83,4.59
ORD-100883,2024-08-02,2024-08-06,South,Bristol,Home Office,Online,P-010,11,0.2,50.77,9.45
ORD-100884,2025-08-12,2025-08-17,East,Norwich,Small Business,Online,P-012,5,0,37.66,6.75
ORD-100885,2025-12-17,2025-12-22,South,London,Corporate,Retail Store,P-008,2,0,541.87,7
ORD-100886,2024-10-04,2024-10-10,East,Peterborough,Home Office,Retail Store,P-011,14,0.1,227.31,10.8
ORD-100887,2024-02-02,2024-02-05,North,Newcastle,Corporate,Retail Store,P-004,1,0.25,72.83,6.8
ORD-100888,2025-11-01,2025-11-05,West,Cardiff,Home Office,Retail Store,P-001,2,0.05,744.04,9.1
ORD-100889,2024-08-29,2024-09-03,West,Liverpool,Home Office,Online,P-012,3,0.25,17.18,3.51
ORD-100890,2025-04-26,2025-04-28,West,Birmingham,Small Business,Online,P-015,20,0,123.74,8.1
ORD-100891,2024-09-27,2024-10-02,East,Peterborough,Corporate,Retail Store,P-011,5,0.05,79.89,6.75
ORD-100892,2025-10-01,2025-10-04,East,Norwich,Home Office,B2B Sales,P-013,3,0.1,36.83,5.85
ORD-100893,2025-02-12,2025-02-17,North,Leeds,Home Office,B2B Sales,P-010,13,0,67.66,6.21
ORD-100894,2024-02-27,2024-03-04,South,Bristol,Home Office,B2B Sales,P-002,4,0,709.23,8.22
ORD-100895,2025-01-18,2025-01-20,South,Bristol,Home Office,Online,P-014,4,0,91.87,3.78
ORD-100896,2024-08-14,2024-08-15,South,Brighton,Small Business,Retail Store,P-015,6,0,33.64,4.32
ORD-100897,2024-06-15,2024-06-20,North,Newcastle,Corporate,Online,P-015,5,0.15,27.74,4.05
ORD-100898,2024-05-15,2024-05-17,North,Leeds,Home Office,Online,P-010,9,0,52.05,8.55
ORD-100899,2025-08-31,2025-09-05,West,Cardiff,Corporate,Retail Store,P-010,7,0,38.9,4.59
ORD-100900,2025-02-19,2025-02-25,North,Leeds,Home Office,Retail Store,P-003,2,0.05,196.53,9.1
ORD-100901,2024-08-19,2024-08-22,South,Brighton,Small Business,Online,P-006,2,0.05,198.6,4.2
ORD-100902,2025-04-08,2025-04-14,North,Newcastle,Corporate,Retail Store,P-010,7,0,41.48,4.59
ORD-100903,2024-02-07,2024-02-09,North,Leeds,Corporate,B2B Sales,P-014,4,0,101.67,3.78
ORD-100904,2024-05-31,2024-06-02,South,Brighton,Home Office,Online,P-002,3,0.05,569.28,6.84
ORD-100905,2024-05-13,2024-05-17,South,London,Home Office,Retail Store,P-005,2,0.1,94.91,4.2
ORD-100906,2024-03-01,2024-03-07,North,Manchester,Corporate,Retail Store,P-009,4,0.15,423.34,9.5
ORD-100907,2025-09-01,2025-09-05,North,Newcastle,Small Business,Online,P-004,3,0,345.82,6.84
ORD-100908,2025-10-22,2025-10-25,South,London,Home Office,Retail Store,P-010,12,0,82.91,5.94
ORD-100909,2024-11-17,2024-11-18,North,Manchester,Corporate,Retail Store,P-005,4,0,289.35,9.5
ORD-100910,2024-02-26,2024-03-03,North,Leeds,Home Office,Retail Store,P-009,2,0,215.6,4.2
ORD-100911,2025-07-11,2025-07-17,East,Peterborough,Corporate,Online,P-004,3,0.05,284.76,11.4
ORD-100912,2025-07-22,2025-07-27,East,Peterborough,Home Office,Online,P-011,5,0.2,57.15,4.05
ORD-100913,2025-07-22,2025-07-24,West,Birmingham,Small Business,Retail Store,P-013,8,0,90.6,8.1
ORD-100914,2024-10-14,2024-10-20,East,Cambridge,Small Business,Retail Store,P-002,3,0,736.26,6.84
ORD-100915,2024-01-12,2024-01-15,East,Norwich,Corporate,Retail Store,P-010,5,0.25,21.06,6.75
ORD-100916,2025-06-10,2025-06-12,South,London,Small Business,Online,P-008,3,0.1,557.72,4.95
ORD-100917,2025-02-24,2025-02-28,East,Cambridge,Home Office,Online,P-011,4,0.15,44.16,6.3
ORD-100918,2025-05-11,2025-05-16,East,Cambridge,Home Office,Retail Store,P-015,11,0.15,56.58,5.67
ORD-100919,2025-02-23,2025-02-28,East,Peterborough,Small Business,Retail Store,P-004,3,0.25,220.52,11.4
ORD-100920,2024-06-30,2024-07-04,North,Newcastle,Corporate,Online,P-010,12,0.05,70.54,9.9
ORD-100921,2025-12-14,2025-12-15,East,Norwich,Small Business,Online,P-013,14,0,229.05,10.8
ORD-100922,2024-12-11,2024-12-15,North,Leeds,Corporate,Online,P-013,4,0.25,53.54,3.78
ORD-100923,2024-01-25,2024-01-30,West,Liverpool,Corporate,Online,P-007,2,0,97.67,7
ORD-100924,2024-10-14,2024-10-15,East,Peterborough,Corporate,Retail Store,P-007,1,0,62.73,3.45
ORD-100925,2025-10-14,2025-10-15,East,Cambridge,Small Business,Retail Store,P-014,10,0.2,260.36,5.4
ORD-100926,2024-05-29,2024-06-02,West,Cardiff,Small Business,B2B Sales,P-002,2,0,394.63,5.46
ORD-100927,2025-02-25,2025-03-01,South,Bristol,Corporate,Retail Store,P-004,2,0.25,142.35,9.1
ORD-100928,2024-11-03,2024-11-04,East,Norwich,Home Office,Retail Store,P-003,4,0,627.15,13.7
ORD-100929,2025-10-06,2025-10-08,West,Liverpool,Home Office,Online,P-014,3,0,100.04,3.51
ORD-100930,2025-10-08,2025-10-09,South,Bristol,Home Office,Retail Store,P-006,4,0.15,433.71,5.7
ORD-100931,2025-01-14,2025-01-19,South,Bristol,Home Office,Online,P-009,4,0.1,382.14,9.5
ORD-100932,2024-02-20,2024-02-23,East,Cambridge,Home Office,Online,P-006,2,0,209.91,7
ORD-100933,2024-11-29,2024-12-02,East,Cambridge,Corporate,B2B Sales,P-006,4,0.2,459.99,5.7
ORD-100934,2024-05-13,2024-05-18,South,London,Corporate,B2B Sales,P-001,4,0.05,1081.71,8.22
ORD-100935,2025-11-01,2025-11-04,West,Cardiff,Corporate,B2B Sales,P-002,2,0.05,518.55,9.1
ORD-100936,2024-04-12,2024-04-15,East,Cambridge,Small Business,Retail Store,P-005,2,0,102.2,4.2
ORD-100937,2025-12-17,2025-12-23,North,Manchester,Corporate,B2B Sales,P-009,7,0,1238.34,13.25
ORD-100938,2024-01-06,2024-01-08,East,Cambridge,Home Office,Online,P-004,4,0,381.77,13.7
ORD-100939,2024-02-14,2024-02-18,North,Manchester,Corporate,Online,P-012,12,0,92.86,5.94
ORD-100940,2024-09-17,2024-09-21,North,Leeds,Home Office,Online,P-010,13,0,83.06,6.21
ORD-100941,2024-10-28,2024-11-01,East,Norwich,Home Office,B2B Sales,P-008,4,0,896.93,9.5
ORD-100942,2024-05-26,2024-05-31,East,Peterborough,Small Business,B2B Sales,P-003,4,0.2,364.7,8.22
ORD-100943,2025-11-03,2025-11-05,West,Birmingham,Home Office,B2B Sales,P-011,12,0,243.28,5.94
ORD-100944,2024-12-30,2025-01-02,North,Manchester,Small Business,Online,P-004,2,0,313.54,5.46
ORD-100945,2025-08-08,2025-08-10,West,Birmingham,Home Office,Online,P-009,7,0,829.69,7.95
ORD-100946,2024-05-25,2024-05-28,West,Cardiff,Corporate,B2B Sales,P-002,2,0.2,320.39,5.46
ORD-100947,2024-09-21,2024-09-27,East,Cambridge,Home Office,Online,P-014,5,0,152.15,4.05
ORD-100948,2025-12-20,2025-12-21,East,Peterborough,Home Office,B2B Sales,P-011,11,0,238.37,5.67
ORD-100949,2025-10-29,2025-11-03,South,Brighton,Home Office,Retail Store,P-013,5,0,69.94,6.75
ORD-100950,2024-03-25,2024-03-31,North,Newcastle,Corporate,B2B Sales,P-004,1,0,101.59,6.8
ORD-100951,2025-06-19,2025-06-22,East,Norwich,Home Office,Online,P-009,4,0,537.66,5.7
ORD-100952,2024-11-25,2024-12-01,North,Manchester,Corporate,B2B Sales,P-004,3,0,437.03,11.4
ORD-100953,2025-04-16,2025-04-20,North,Manchester,Home Office,Retail Store,P-002,7,0,1379.56,12.36
ORD-100954,2025-03-15,2025-03-16,East,Peterborough,Home Office,B2B Sales,P-013,11,0.2,102.55,5.67
ORD-100955,2025-05-22,2025-05-24,West,Cardiff,Small Business,Retail Store,P-013,8,0.2,82.9,8.1
ORD-100956,2024-12-22,2024-12-26,North,Manchester,Small Business,Retail Store,P-011,9,0,193.93,5.13
ORD-100957,2025-03-30,2025-04-03,East,Norwich,Home Office,Online,P-003,3,0.15,265.08,6.84
ORD-100958,2024-09-18,2024-09-20,North,Leeds,Small Business,Retail Store,P-014,3,0.2,72.67,5.85
ORD-100959,2025-10-29,2025-11-04,East,Cambridge,Small Business,Retail Store,P-001,2,0,678.67,5.46
ORD-100960,2024-05-21,2024-05-22,South,London,Small Business,Online,P-001,3,0,905.64,11.4
ORD-100961,2024-08-17,2024-08-19,West,Cardiff,Home Office,Retail Store,P-006,1,0,104.13,3.45
ORD-100962,2025-11-08,2025-11-11,North,Manchester,Small Business,Online,P-015,10,0,85.27,5.4
ORD-100963,2025-08-13,2025-08-14,East,Norwich,Home Office,Retail Store,P-005,2,0,100.2,7
ORD-100964,2024-08-04,2024-08-06,East,Peterborough,Small Business,Retail Store,P-003,4,0,425.3,13.7
ORD-100965,2025-11-30,2025-12-05,West,Birmingham,Home Office,Online,P-005,1,0.15,59.82,3.45
ORD-100966,2024-09-27,2024-10-03,South,Bristol,Small Business,Retail Store,P-005,3,0.15,136.68,4.95
ORD-100967,2025-06-24,2025-06-25,North,Manchester,Home Office,Retail Store,P-003,3,0,363.75,11.4
ORD-100968,2024-08-18,2024-08-21,West,Cardiff,Corporate,Retail Store,P-011,3,0,43.92,5.85
ORD-100969,2024-10-04,2024-10-05,West,Cardiff,Home Office,Retail Store,P-002,2,0,486.85,9.1
ORD-100970,2024-12-26,2024-12-30,East,Peterborough,Home Office,B2B Sales,P-003,4,0,639.38,8.22
ORD-100971,2024-06-16,2024-06-18,South,Bristol,Small Business,B2B Sales,P-010,8,0,50.07,4.86
ORD-100972,2025-01-18,2025-01-21,South,Brighton,Corporate,B2B Sales,P-012,9,0,68,8.55
ORD-100973,2025-11-16,2025-11-22,West,Liverpool,Home Office,Online,P-008,4,0,1038.85,5.7
ORD-100974,2024-09-16,2024-09-22,South,Brighton,Small Business,Online,P-007,2,0.2,96.02,4.2
ORD-100975,2025-08-02,2025-08-06,East,Peterborough,Corporate,Online,P-003,4,0.25,330.53,13.7
ORD-100976,2025-03-01,2025-03-05,North,Manchester,Corporate,B2B Sales,P-014,10,0,249.91,9
ORD-100977,2024-03-11,2024-03-16,North,Newcastle,Home Office,B2B Sales,P-006,4,0,431.52,9.5
ORD-100978,2024-04-18,2024-04-21,East,Peterborough,Home Office,B2B Sales,P-012,5,0,41.51,4.05
ORD-100979,2025-04-30,2025-05-04,North,Manchester,Home Office,B2B Sales,P-006,3,0.15,293.45,4.95
ORD-100980,2024-03-05,2024-03-07,North,Leeds,Small Business,B2B Sales,P-001,4,0.05,1054.16,13.7
ORD-100981,2024-02-20,2024-02-22,North,Leeds,Small Business,Online,P-010,12,0,62.24,5.94
ORD-100982,2024-05-03,2024-05-07,East,Norwich,Home Office,Online,P-004,1,0.2,87.27,4.08
ORD-100983,2025-08-14,2025-08-16,South,London,Small Business,Retail Store,P-008,1,0.1,155.52,3.45
ORD-100984,2025-10-24,2025-10-26,East,Cambridge,Corporate,Retail Store,P-011,14,0.15,214.76,6.48
ORD-100985,2025-04-05,2025-04-06,South,Brighton,Corporate,B2B Sales,P-001,5,0,1473.1,16
ORD-100986,2024-01-20,2024-01-22,North,Manchester,Home Office,B2B Sales,P-008,2,0,339.89,7
ORD-100987,2024-09-30,2024-10-04,East,Peterborough,Home Office,Retail Store,P-011,22,0.2,282.86,8.64
ORD-100988,2024-05-23,2024-05-25,East,Norwich,Corporate,Retail Store,P-010,5,0,28.96,4.05
ORD-100989,2024-08-02,2024-08-06,South,Brighton,Home Office,B2B Sales,P-012,12,0,95.02,5.94
ORD-100990,2025-11-05,2025-11-09,West,Liverpool,Corporate,B2B Sales,P-006,1,0.1,142.58,5.75
ORD-100991,2025-01-25,2025-01-27,South,Brighton,Small Business,B2B Sales,P-012,3,0.2,17.62,5.85
ORD-100992,2024-03-01,2024-03-06,South,Brighton,Home Office,Online,P-005,2,0,98.89,4.2
ORD-100993,2025-11-26,2025-12-01,East,Norwich,Corporate,Online,P-002,3,0.15,714.68,11.4
ORD-100994,2025-02-23,2025-02-25,South,London,Corporate,Retail Store,P-009,2,0,214.86,4.2
ORD-100995,2025-09-17,2025-09-20,North,Leeds,Home Office,Retail Store,P-012,6,0.1,48.49,4.32
ORD-100996,2025-06-08,2025-06-14,South,London,Corporate,Online,P-012,12,0.15,87.83,5.94
ORD-100997,2024-04-07,2024-04-09,South,Brighton,Corporate,Online,P-003,2,0.15,192.07,5.46
ORD-100998,2025-07-09,2025-07-12,North,Leeds,Small Business,Online,P-013,8,0,90.58,4.86
ORD-100999,2024-07-14,2024-07-18,East,Peterborough,Small Business,Retail Store,P-001,1,0,261.88,6.8
ORD-101000,2024-03-07,2024-03-11,West,Cardiff,Small Business,Online,P-005,4,0.05,188.14,5.7
ORD-101001,2025-09-26,2025-09-28,West,Liverpool,Small Business,Retail Store,P-002,1,0.1,193.97,6.8
ORD-101002,2025-01-20,2025-01-26,East,Peterborough,Small Business,Online,P-006,1,0,102.95,5.75
ORD-101003,2025-12-04,2025-12-05,South,Brighton,Corporate,Retail Store,P-007,1,0,80.83,3.45
ORD-101004,2024-10-19,2024-10-24,East,Norwich,Small Business,Retail Store,P-011,3,0,54.11,5.85
ORD-101005,2025-05-22,2025-05-23,East,Cambridge,Small Business,Retail Store,P-011,10,0.25,108.16,5.4
ORD-101006,2025-12-22,2025-12-23,East,Norwich,Small Business,Online,P-010,13,0,111.14,6.21
ORD-101007,2025-04-28,2025-05-04,East,Cambridge,Small Business,Retail Store,P-015,11,0,66.38,5.67
ORD-101008,2025-07-02,2025-07-03,West,Liverpool,Small Business,Retail Store,P-014,6,0,145.98,7.2
ORD-101009,2025-08-20,2025-08-22,South,Bristol,Home Office,Online,P-002,4,0.1,727.99,8.22
ORD-101010,2025-02-06,2025-02-12,West,Birmingham,Home Office,B2B Sales,P-008,1,0,166.77,3.45
ORD-101011,2024-09-14,2024-09-16,North,Manchester,Corporate,Online,P-004,3,0.2,291.31,6.84
ORD-101012,2024-02-28,2024-03-03,West,Cardiff,Small Business,Online,P-014,3,0.2,56.95,3.51
ORD-101013,2024-10-20,2024-10-23,West,Birmingham,Corporate,B2B Sales,P-001,2,0.05,634.96,9.1
ORD-101014,2024-12-13,2024-12-15,North,Leeds,Small Business,B2B Sales,P-008,4,0,1094.69,5.7
ORD-101015,2024-01-01,2024-01-04,West,Birmingham,Small Business,B2B Sales,P-012,5,0.25,26.29,4.05
ORD-101016,2025-12-10,2025-12-13,North,Leeds,Small Business,B2B Sales,P-006,3,0,458.93,8.25
ORD-101017,2025-02-02,2025-02-06,East,Norwich,Small Business,B2B Sales,P-013,14,0.05,139.07,6.48
ORD-101018,2025-08-16,2025-08-21,West,Liverpool,Home Office,B2B Sales,P-004,3,0.15,272.87,6.84
ORD-101019,2024-06-16,2024-06-21,North,Leeds,Home Office,B2B Sales,P-004,3,0,353.03,11.4
ORD-101020,2024-07-01,2024-07-02,North,Manchester,Small Business,Online,P-005,2,0.05,89.01,4.2
ORD-101021,2024-05-24,2024-05-27,North,Leeds,Home Office,Online,P-009,2,0,265.79,7
ORD-101022,2025-07-10,2025-07-15,West,Liverpool,Corporate,Online,P-001,1,0,278.07,4.08
ORD-101023,2024-05-25,2024-05-26,North,Leeds,Small Business,Retail Store,P-010,16,0.1,84.52,7.02
ORD-101024,2025-12-04,2025-12-08,North,Manchester,Corporate,B2B Sales,P-003,4,0,681.75,8.22
ORD-101025,2024-04-12,2024-04-16,West,Birmingham,Corporate,B2B Sales,P-012,5,0,39.27,4.05
ORD-101026,2025-08-09,2025-08-13,West,Birmingham,Small Business,Retail Store,P-010,7,0,39.17,4.59
ORD-101027,2024-06-01,2024-06-02,West,Cardiff,Corporate,Retail Store,P-001,7,0.05,2025.62,12.36
ORD-101028,2024-05-30,2024-05-31,North,Leeds,Corporate,Online,P-012,5,0,40.59,4.05
ORD-101029,2025-07-16,2025-07-22,North,Leeds,Home Office,Retail Store,P-002,1,0,180.4,4.08
ORD-101030,2024-09-15,2024-09-17,East,Peterborough,Corporate,Retail Store,P-013,6,0,77.5,4.32
ORD-101031,2025-12-11,2025-12-14,North,Manchester,Corporate,Retail Store,P-008,2,0,558.23,7
ORD-101032,2024-09-03,2024-09-07,South,Bristol,Home Office,Online,P-007,3,0.1,160.1,4.95
ORD-101033,2025-02-28,2025-03-03,South,London,Small Business,Online,P-001,4,0,1033.12,8.22
ORD-101034,2025-08-25,2025-08-27,East,Norwich,Corporate,Online,P-010,4,0,24.08,6.3
ORD-101035,2024-07-21,2024-07-26,East,Peterborough,Corporate,B2B Sales,P-011,7,0.1,81.08,4.59
ORD-101036,2024-11-10,2024-11-16,South,Bristol,Small Business,Online,P-003,4,0.15,509.08,13.7
ORD-101037,2024-05-19,2024-05-25,North,Leeds,Corporate,Retail Store,P-015,7,0,42.03,4.59
ORD-101038,2024-06-20,2024-06-25,North,Leeds,Corporate,Online,P-008,1,0,203.88,3.45
ORD-101039,2024-03-15,2024-03-19,South,Bristol,Home Office,Online,P-010,14,0.05,77.75,6.48
ORD-101040,2024-10-29,2024-11-04,East,Norwich,Small Business,Online,P-002,4,0.05,853.67,8.22
ORD-101041,2025-09-27,2025-10-03,South,Bristol,Home Office,Retail Store,P-014,5,0,148.14,6.75
ORD-101042,2024-04-03,2024-04-06,West,Liverpool,Home Office,Online,P-001,1,0,285.63,4.08
ORD-101043,2025-03-11,2025-03-15,West,Cardiff,Small Business,Online,P-009,1,0.05,115.9,3.45
ORD-101044,2024-09-30,2024-10-05,West,Cardiff,Small Business,Online,P-014,6,0.1,157.62,4.32
ORD-101045,2024-12-09,2024-12-13,West,Cardiff,Small Business,Online,P-015,9,0,82.07,5.13
ORD-101046,2024-07-07,2024-07-13,East,Cambridge,Home Office,Online,P-008,1,0,170.48,5.75
ORD-101047,2024-10-25,2024-10-26,West,Liverpool,Corporate,B2B Sales,P-006,3,0,372.36,4.95
ORD-101048,2025-05-14,2025-05-17,South,Bristol,Small Business,B2B Sales,P-010,12,0,77.29,9.9
ORD-101049,2024-07-19,2024-07-25,North,Leeds,Corporate,B2B Sales,P-007,3,0,148.21,4.95
ORD-101050,2025-02-22,2025-02-24,North,Manchester,Home Office,Retail Store,P-010,3,0,15.72,5.85
ORD-101051,2025-09-07,2025-09-08,West,Liverpool,Home Office,Online,P-002,2,0.25,339.85,5.46
ORD-101052,2024-05-14,2024-05-17,South,London,Home Office,B2B Sales,P-001,4,0,1225.64,8.22
ORD-101053,2025-09-08,2025-09-13,East,Peterborough,Corporate,Online,P-007,4,0,235.55,9.5
ORD-101054,2024-01-19,2024-01-20,East,Peterborough,Home Office,B2B Sales,P-006,4,0.1,362.88,5.7
ORD-101055,2025-10-09,2025-10-10,South,London,Home Office,B2B Sales,P-010,8,0,59.1,4.86
ORD-101056,2025-03-27,2025-03-30,West,Cardiff,Home Office,Retail Store,P-014,10,0,253.53,5.4
ORD-101057,2024-05-05,2024-05-09,South,London,Small Business,Online,P-001,4,0.25,924.38,8.22
ORD-101058,2025-12-02,2025-12-06,North,Manchester,Home Office,B2B Sales,P-015,5,0.15,37.9,6.75
ORD-101059,2024-08-29,2024-09-01,North,Manchester,Home Office,Retail Store,P-006,3,0,306.14,4.95
ORD-101060,2025-10-18,2025-10-22,East,Norwich,Small Business,B2B Sales,P-006,1,0.1,118.15,5.75
ORD-101061,2025-11-15,2025-11-21,South,Brighton,Home Office,B2B Sales,P-014,9,0,349.85,8.55
ORD-101062,2025-01-31,2025-02-03,West,Birmingham,Corporate,Online,P-003,1,0.05,98.12,4.08
ORD-101063,2024-06-01,2024-06-02,East,Peterborough,Corporate,Online,P-014,23,0.15,558.91,14.85
ORD-101064,2025-12-20,2025-12-22,South,Bristol,Home Office,B2B Sales,P-003,3,0.25,371.06,11.4
ORD-101065,2025-09-02,2025-09-08,South,Brighton,Corporate,B2B Sales,P-003,3,0.25,275.62,11.4
ORD-101066,2024-03-09,2024-03-10,West,Liverpool,Corporate,Retail Store,P-012,10,0.05,70.31,5.4
ORD-101067,2024-06-29,2024-07-02,West,Cardiff,Small Business,Online,P-008,4,0.1,742.74,5.7
ORD-101068,2024-04-03,2024-04-07,West,Cardiff,Home Office,Retail Store,P-007,2,0.1,96.48,4.2
ORD-101069,2025-07-02,2025-07-04,East,Norwich,Home Office,Online,P-002,2,0.15,334.02,9.1
ORD-101070,2024-03-12,2024-03-13,South,London,Small Business,Retail Store,P-004,4,0,411.45,13.7
ORD-101071,2024-10-26,2024-10-31,East,Norwich,Small Business,Retail Store,P-004,4,0,499.17,8.22
ORD-101072,2025-11-08,2025-11-09,South,London,Small Business,Online,P-004,4,0,548.89,13.7
ORD-101073,2024-08-06,2024-08-09,North,Manchester,Small Business,B2B Sales,P-010,5,0.15,23.98,4.05
ORD-101074,2025-04-22,2025-04-26,East,Norwich,Corporate,Retail Store,P-015,10,0,60.68,5.4
ORD-101075,2024-11-17,2024-11-23,West,Cardiff,Small Business,B2B Sales,P-014,11,0,403.42,9.45
ORD-101076,2024-09-08,2024-09-14,East,Peterborough,Small Business,Online,P-004,2,0,237.11,5.46
ORD-101077,2024-07-27,2024-07-29,South,London,Small Business,Retail Store,P-009,5,0,544.76,10.75
ORD-101078,2024-02-17,2024-02-22,West,Liverpool,Home Office,Online,P-015,16,0.15,79.33,7.02
ORD-101079,2024-08-12,2024-08-17,East,Norwich,Corporate,Online,P-011,6,0,86.15,4.32
ORD-101080,2025-11-29,2025-11-30,North,Manchester,Corporate,Online,P-002,3,0,877.62,6.84
ORD-101081,2024-02-07,2024-02-13,East,Cambridge,Small Business,Online,P-002,4,0.15,631.8,8.22
ORD-101082,2025-04-30,2025-05-03,South,London,Corporate,B2B Sales,P-010,9,0.25,40.3,5.13
ORD-101083,2024-02-27,2024-03-02,East,Peterborough,Small Business,Online,P-001,2,0.1,435.85,5.46
ORD-101084,2025-08-01,2025-08-04,West,Cardiff,Corporate,Online,P-013,7,0,77.9,7.65
ORD-101085,2024-09-08,2024-09-13,South,Brighton,Home Office,B2B Sales,P-002,1,0.05,210.61,4.08
ORD-101086,2024-09-19,2024-09-22,South,Bristol,Small Business,Online,P-013,7,0,92.9,7.65
ORD-101087,2025-04-08,2025-04-11,South,Brighton,Home Office,Online,P-012,6,0.1,43.87,4.32
ORD-101088,2025-02-15,2025-02-21,South,Bristol,Corporate,B2B Sales,P-003,3,0.25,229.11,11.4
ORD-101089,2024-06-10,2024-06-11,South,London,Small Business,B2B Sales,P-001,5,0,1515.71,16
ORD-101090,2025-03-23,2025-03-26,West,Cardiff,Small Business,Online,P-012,12,0.05,84.24,9.9
ORD-101091,2025-05-09,2025-05-12,South,Brighton,Home Office,Retail Store,P-007,1,0,58.6,5.75
ORD-101092,2024-12-15,2024-12-19,East,Cambridge,Home Office,B2B Sales,P-015,16,0,146.96,11.7
ORD-101093,2025-05-11,2025-05-17,East,Norwich,Corporate,B2B Sales,P-011,10,0.2,127.78,9
ORD-101094,2024-12-15,2024-12-18,North,Manchester,Small Business,B2B Sales,P-005,2,0,147.27,4.2
ORD-101095,2025-05-02,2025-05-06,West,Cardiff,Home Office,B2B Sales,P-010,10,0.05,60.92,9
ORD-101096,2025-10-23,2025-10-26,West,Birmingham,Home Office,Online,P-003,3,0.2,327.3,11.4
ORD-101097,2025-07-31,2025-08-01,North,Manchester,Small Business,Retail Store,P-004,4,0,414.2,8.22
ORD-101098,2024-08-22,2024-08-24,East,Cambridge,Corporate,Online,P-014,14,0.05,370.93,6.48
ORD-101099,2024-09-22,2024-09-26,South,Brighton,Small Business,B2B Sales,P-003,3,0.15,307.91,11.4
ORD-101100,2025-01-11,2025-01-16,South,Bristol,Home Office,Online,P-004,3,0,280.24,11.4
ORD-101101,2024-08-17,2024-08-19,West,Liverpool,Home Office,Retail Store,P-009,7,0.05,777.47,13.25
ORD-101102,2024-07-13,2024-07-19,East,Peterborough,Corporate,Online,P-010,11,0,58.66,5.67
ORD-101103,2025-08-04,2025-08-07,South,London,Small Business,Online,P-005,7,0,327.65,7.95
ORD-101104,2024-09-09,2024-09-12,West,Cardiff,Small Business,Online,P-005,5,0.1,238.3,10.75
ORD-101105,2024-01-16,2024-01-19,West,Birmingham,Small Business,B2B Sales,P-012,10,0.2,59.7,5.4
ORD-101106,2024-11-12,2024-11-15,South,Brighton,Home Office,Online,P-001,1,0.15,327.21,4.08
ORD-101107,2024-07-02,2024-07-04,West,Birmingham,Small Business,Retail Store,P-015,8,0,44.11,8.1
ORD-101108,2025-09-22,2025-09-28,North,Manchester,Small Business,B2B Sales,P-003,3,0,387.41,6.84
ORD-101109,2024-04-23,2024-04-26,South,Brighton,Home Office,Retail Store,P-015,4,0,25.29,3.78
ORD-101110,2024-10-07,2024-10-13,North,Newcastle,Home Office,Online,P-015,13,0,93.33,6.21
ORD-101111,2024-01-15,2024-01-16,West,Liverpool,Small Business,Retail Store,P-012,5,0,36.12,6.75
ORD-101112,2024-11-08,2024-11-13,North,Manchester,Corporate,B2B Sales,P-006,1,0,156.52,3.45
ORD-101113,2024-02-20,2024-02-21,North,Leeds,Corporate,Online,P-006,2,0,202.57,4.2
ORD-101114,2024-01-31,2024-02-01,East,Peterborough,Home Office,B2B Sales,P-010,6,0,31.99,7.2
ORD-101115,2025-12-16,2025-12-19,South,Brighton,Corporate,Online,P-010,6,0,50.56,4.32
ORD-101116,2024-12-24,2024-12-30,West,Cardiff,Small Business,B2B Sales,P-001,1,0,387.34,6.8
ORD-101117,2025-12-27,2025-12-28,East,Peterborough,Corporate,Online,P-007,2,0.25,126.64,4.2
ORD-101118,2025-06-10,2025-06-12,West,Liverpool,Corporate,B2B Sales,P-003,3,0,347.02,11.4
ORD-101119,2025-02-28,2025-03-05,West,Birmingham,Small Business,Retail Store,P-014,6,0,149.5,4.32
ORD-101120,2025-05-01,2025-05-02,North,Leeds,Small Business,Retail Store,P-013,5,0.15,51.54,6.75
ORD-101121,2025-09-30,2025-10-05,South,London,Home Office,B2B Sales,P-003,4,0.2,387.45,8.22
ORD-101122,2025-11-03,2025-11-05,East,Peterborough,Small Business,B2B Sales,P-009,2,0,348.23,7
ORD-101123,2024-03-27,2024-03-30,North,Leeds,Home Office,B2B Sales,P-008,2,0.1,331.83,4.2
ORD-101124,2025-06-16,2025-06-17,North,Leeds,Home Office,Retail Store,P-006,3,0.2,276.1,8.25
ORD-101125,2025-11-25,2025-11-29,East,Norwich,Home Office,Retail Store,P-002,5,0.05,1323.6,16
ORD-101126,2025-06-02,2025-06-04,North,Leeds,Home Office,Online,P-009,1,0.1,111.81,3.45
ORD-101127,2025-07-02,2025-07-03,North,Leeds,Home Office,Online,P-013,5,0.2,42.24,4.05
ORD-101128,2025-02-13,2025-02-15,North,Leeds,Home Office,B2B Sales,P-013,8,0.15,74.54,4.86
ORD-101129,2025-08-16,2025-08-21,North,Manchester,Home Office,Online,P-010,9,0,52.83,5.13
ORD-101130,2024-09-11,2024-09-16,South,Bristol,Corporate,Online,P-009,3,0.1,357.15,4.95
ORD-101131,2025-12-09,2025-12-15,West,Birmingham,Small Business,B2B Sales,P-010,7,0,58.35,4.59
ORD-101132,2024-05-02,2024-05-08,South,Bristol,Home Office,B2B Sales,P-008,4,0.25,573.21,5.7
ORD-101133,2025-05-10,2025-05-15,West,Cardiff,Small Business,Retail Store,P-006,4,0,433.81,9.5
ORD-101134,2025-04-10,2025-04-11,West,Birmingham,Small Business,Retail Store,P-013,6,0,73.74,4.32
ORD-101135,2024-03-24,2024-03-26,East,Peterborough,Corporate,Retail Store,P-001,2,0,533.32,5.46
ORD-101136,2025-03-16,2025-03-21,East,Cambridge,Home Office,Retail Store,P-010,8,0.15,36.88,4.86
ORD-101137,2025-09-24,2025-09-29,West,Liverpool,Home Office,B2B Sales,P-015,8,0,51.82,4.86
ORD-101138,2024-07-01,2024-07-03,North,Leeds,Small Business,Online,P-014,13,0,325.29,10.35
ORD-101139,2024-10-15,2024-10-16,North,Newcastle,Corporate,B2B Sales,P-008,3,0,706.84,4.95
ORD-101140,2025-10-12,2025-10-17,North,Manchester,Home Office,Online,P-005,1,0,59.83,3.45
ORD-101141,2025-01-18,2025-01-24,South,Bristol,Small Business,Online,P-010,13,0.2,53.79,6.21
ORD-101142,2025-03-31,2025-04-04,South,London,Small Business,Online,P-013,9,0,107.16,5.13
ORD-101143,2025-04-22,2025-04-27,East,Cambridge,Home Office,Retail Store,P-001,4,0,1091.64,8.22
ORD-101144,2024-09-22,2024-09-24,West,Liverpool,Home Office,Retail Store,P-007,2,0.2,100.08,4.2
ORD-101145,2024-04-28,2024-04-29,North,Manchester,Home Office,B2B Sales,P-014,9,0.25,183.1,5.13
ORD-101146,2025-09-10,2025-09-11,South,Bristol,Small Business,B2B Sales,P-002,7,0,1526.82,20.6
ORD-101147,2025-02-23,2025-02-25,West,Birmingham,Small Business,B2B Sales,P-005,3,0,132.77,4.95
ORD-101148,2024-11-17,2024-11-19,West,Birmingham,Corporate,B2B Sales,P-015,23,0,189.22,8.91
ORD-101149,2025-06-17,2025-06-19,West,Birmingham,Home Office,B2B Sales,P-009,5,0,633.13,6.45
ORD-101150,2024-02-25,2024-03-02,North,Manchester,Small Business,Online,P-015,13,0,69.94,10.35
ORD-101151,2025-05-26,2025-05-28,East,Cambridge,Home Office,B2B Sales,P-012,3,0.1,24,5.85
ORD-101152,2025-12-18,2025-12-22,East,Norwich,Small Business,Online,P-002,3,0,923.54,6.84
ORD-101153,2024-02-04,2024-02-10,South,Bristol,Corporate,Retail Store,P-015,4,0.25,16.25,6.3
ORD-101154,2025-04-19,2025-04-20,East,Peterborough,Small Business,Retail Store,P-011,11,0,159.71,5.67
ORD-101155,2025-06-02,2025-06-07,East,Norwich,Home Office,Online,P-003,4,0,449.04,13.7
ORD-101156,2025-11-28,2025-12-02,West,Cardiff,Corporate,B2B Sales,P-012,14,0,164.36,6.48
ORD-101157,2024-09-20,2024-09-23,South,Brighton,Home Office,Online,P-003,2,0.2,193.36,5.46
ORD-101158,2025-07-28,2025-08-03,North,Leeds,Corporate,Online,P-003,3,0.05,304.9,11.4
ORD-101159,2024-10-08,2024-10-11,North,Manchester,Corporate,B2B Sales,P-003,1,0.25,95.76,4.08
ORD-101160,2025-12-25,2025-12-31,North,Newcastle,Home Office,Online,P-006,3,0.05,458.52,4.95
ORD-101161,2025-01-27,2025-01-29,West,Cardiff,Corporate,Online,P-012,10,0,76.11,9
ORD-101162,2024-02-16,2024-02-19,West,Liverpool,Corporate,Retail Store,P-009,4,0.05,422.98,5.7
ORD-101163,2025-05-16,2025-05-20,East,Norwich,Home Office,Retail Store,P-013,5,0.05,62.25,4.05
ORD-101164,2024-08-04,2024-08-07,South,London,Home Office,Retail Store,P-010,3,0,18.18,5.85
ORD-101165,2024-03-02,2024-03-08,North,Leeds,Home Office,Retail Store,P-010,13,0,75.51,6.21
ORD-101166,2024-03-15,2024-03-18,South,Brighton,Small Business,B2B Sales,P-005,1,0,48.85,3.45
ORD-101167,2025-11-05,2025-11-07,South,London,Small Business,Retail Store,P-008,3,0,766.82,4.95
ORD-101168,2024-11-29,2024-12-04,South,Bristol,Corporate,B2B Sales,P-008,2,0.2,419.66,4.2
ORD-101169,2024-04-24,2024-04-26,West,Liverpool,Corporate,Retail Store,P-008,4,0.25,598.36,5.7
ORD-101170,2024-01-29,2024-01-31,North,Newcastle,Home Office,Retail Store,P-008,2,0,349.44,7
ORD-101171,2024-01-13,2024-01-19,West,Cardiff,Home Office,B2B Sales,P-008,2,0,341.32,4.2
ORD-101172,2024-10-08,2024-10-13,North,Newcastle,Corporate,B2B Sales,P-003,3,0,412.17,11.4
ORD-101173,2024-11-23,2024-11-26,North,Newcastle,Small Business,Retail Store,P-001,4,0,1513.42,8.22
ORD-101174,2024-10-02,2024-10-05,South,London,Corporate,Online,P-001,1,0.15,287.32,4.08
ORD-101175,2024-12-24,2024-12-29,South,Brighton,Small Business,Retail Store,P-015,25,0,206.7,9.45
ORD-101176,2025-10-23,2025-10-27,North,Leeds,Corporate,Online,P-015,14,0.15,83.32,10.8
ORD-101177,2024-01-22,2024-01-24,East,Norwich,Home Office,B2B Sales,P-012,12,0,87.96,5.94
ORD-101178,2024-01-18,2024-01-19,South,Brighton,Corporate,Retail Store,P-014,11,0.25,211.83,5.67
ORD-101179,2024-04-26,2024-04-28,North,Leeds,Corporate,Online,P-009,4,0.1,458.45,9.5
ORD-101180,2025-10-03,2025-10-09,South,Brighton,Home Office,Online,P-011,6,0.05,92.19,7.2
ORD-101181,2025-07-21,2025-07-22,South,Brighton,Corporate,Retail Store,P-012,16,0.15,101.67,11.7
ORD-101182,2024-09-19,2024-09-25,South,Brighton,Home Office,Retail Store,P-009,1,0,133.38,5.75
ORD-101183,2025-04-18,2025-04-22,North,Manchester,Corporate,Retail Store,P-012,16,0,123.21,7.02
ORD-101184,2024-11-10,2024-11-11,East,Cambridge,Corporate,Online,P-010,12,0.2,74.4,9.9
ORD-101185,2025-04-21,2025-04-22,North,Newcastle,Corporate,Retail Store,P-015,4,0,23.4,6.3
ORD-101186,2024-04-23,2024-04-25,West,Cardiff,Corporate,Retail Store,P-011,14,0,197.58,6.48
ORD-101187,2024-08-18,2024-08-20,North,Leeds,Corporate,B2B Sales,P-006,4,0,446.68,9.5
ORD-101188,2024-10-10,2024-10-12,East,Peterborough,Home Office,Online,P-008,1,0.15,197.76,5.75
ORD-101189,2025-05-15,2025-05-16,South,Brighton,Home Office,B2B Sales,P-012,14,0,118.78,10.8
ORD-101190,2024-10-30,2024-11-05,East,Norwich,Home Office,Retail Store,P-003,4,0,551.43,13.7
ORD-101191,2025-02-14,2025-02-18,North,Leeds,Small Business,B2B Sales,P-010,8,0,44.05,8.1
ORD-101192,2025-10-15,2025-10-17,West,Birmingham,Corporate,B2B Sales,P-008,4,0,938.65,5.7
ORD-101193,2024-10-29,2024-10-30,North,Leeds,Corporate,B2B Sales,P-002,5,0.15,1033.22,16
ORD-101194,2024-04-30,2024-05-06,North,Manchester,Corporate,Retail Store,P-006,1,0.1,94.29,3.45
ORD-101195,2025-01-03,2025-01-08,East,Peterborough,Home Office,B2B Sales,P-008,4,0.2,536.96,9.5
ORD-101196,2024-11-03,2024-11-06,South,London,Home Office,Online,P-003,3,0,475,11.4
ORD-101197,2025-09-05,2025-09-06,West,Cardiff,Home Office,Online,P-005,4,0.05,223.38,9.5
ORD-101198,2025-08-12,2025-08-14,South,Brighton,Corporate,B2B Sales,P-004,4,0,418.96,8.22
ORD-101199,2025-02-07,2025-02-13,South,Brighton,Corporate,B2B Sales,P-006,1,0,102.21,3.45
ORD-101200,2024-10-28,2024-11-03,West,Liverpool,Small Business,Online,P-006,4,0.05,519.02,5.7
ORD-101201,2025-04-23,2025-04-29,East,Norwich,Small Business,Online,P-003,1,0,112.32,4.08
ORD-101202,2025-07-16,2025-07-22,North,Manchester,Home Office,B2B Sales,P-011,7,0,99.89,4.59
ORD-101203,2024-03-21,2024-03-27,South,London,Home Office,Retail Store,P-011,11,0.2,122.7,9.45
ORD-101204,2025-10-26,2025-10-29,South,London,Corporate,B2B Sales,P-011,3,0,52.69,5.85
ORD-101205,2024-05-08,2024-05-11,East,Peterborough,Corporate,B2B Sales,P-012,7,0,59.36,4.59
ORD-101206,2025-11-26,2025-11-30,North,Leeds,Home Office,Retail Store,P-006,3,0,446.51,8.25
ORD-101207,2025-06-12,2025-06-15,East,Norwich,Small Business,Online,P-009,5,0.05,655.75,10.75
ORD-101208,2024-08-27,2024-08-31,East,Peterborough,Home Office,Retail Store,P-001,1,0.1,231.2,6.8
ORD-101209,2024-11-03,2024-11-09,South,Brighton,Home Office,Online,P-014,12,0.05,442.26,9.9
ORD-101210,2024-02-03,2024-02-09,South,Bristol,Small Business,B2B Sales,P-010,4,0,22.32,6.3
ORD-101211,2025-08-30,2025-09-02,South,London,Home Office,Online,P-002,1,0.15,156.06,4.08
ORD-101212,2024-10-30,2024-10-31,West,Cardiff,Home Office,Retail Store,P-005,2,0,126.59,4.2
ORD-101213,2024-08-07,2024-08-13,West,Birmingham,Home Office,Retail Store,P-007,7,0.25,279.41,13.25
ORD-101214,2025-04-27,2025-04-30,South,Bristol,Corporate,Retail Store,P-001,1,0.25,207.98,4.08
ORD-101215,2024-02-11,2024-02-17,West,Liverpool,Home Office,Online,P-008,4,0.1,659.33,5.7
ORD-101216,2024-07-19,2024-07-24,East,Peterborough,Corporate,B2B Sales,P-015,5,0,28.04,4.05
ORD-101217,2025-04-23,2025-04-25,North,Newcastle,Corporate,B2B Sales,P-014,5,0,138.95,4.05
ORD-101218,2025-09-08,2025-09-09,North,Leeds,Home Office,Retail Store,P-015,5,0,34.93,4.05
ORD-101219,2024-03-26,2024-03-27,East,Peterborough,Corporate,Online,P-013,7,0,79.81,4.59
ORD-101220,2024-08-23,2024-08-24,South,Brighton,Home Office,Retail Store,P-008,1,0.1,170.38,5.75
ORD-101221,2025-07-05,2025-07-10,East,Peterborough,Corporate,Retail Store,P-001,3,0,828.76,11.4
ORD-101222,2025-02-15,2025-02-19,South,Bristol,Home Office,Online,P-003,3,0.1,280.31,6.84
ORD-101223,2024-10-23,2024-10-28,West,Cardiff,Corporate,Retail Store,P-005,1,0.15,48.78,3.45
ORD-101224,2025-02-08,2025-02-13,South,London,Corporate,Retail Store,P-008,2,0,363.9,7
ORD-101225,2025-06-10,2025-06-16,West,Liverpool,Home Office,B2B Sales,P-001,2,0,576.83,5.46
ORD-101226,2024-10-12,2024-10-15,East,Norwich,Corporate,B2B Sales,P-002,1,0,251.9,4.08
ORD-101227,2024-01-26,2024-01-31,East,Norwich,Home Office,B2B Sales,P-014,10,0,249.12,9
ORD-101228,2024-08-06,2024-08-11,North,Leeds,Home Office,Retail Store,P-006,3,0,324.77,4.95
ORD-101229,2025-11-11,2025-11-17,North,Leeds,Home Office,Retail Store,P-012,12,0.05,124.76,5.94
ORD-101230,2024-06-27,2024-06-29,East,Norwich,Corporate,Online,P-007,1,0,61.83,5.75
ORD-101231,2025-09-01,2025-09-03,East,Cambridge,Home Office,Retail Store,P-005,4,0,212.22,5.7
ORD-101232,2025-02-07,2025-02-11,West,Birmingham,Home Office,Online,P-004,4,0.05,380.08,13.7
ORD-101233,2024-07-22,2024-07-26,North,Manchester,Home Office,B2B Sales,P-007,4,0,209.77,9.5
ORD-101234,2024-04-09,2024-04-10,East,Cambridge,Small Business,B2B Sales,P-004,3,0,302.71,6.84
ORD-101235,2025-02-22,2025-02-27,North,Leeds,Small Business,Retail Store,P-008,4,0,719.57,5.7
ORD-101236,2025-08-28,2025-09-01,North,Manchester,Home Office,B2B Sales,P-015,4,0.15,20.39,6.3
ORD-101237,2024-01-30,2024-02-01,East,Cambridge,Home Office,B2B Sales,P-012,12,0.1,82.92,9.9
ORD-101238,2024-06-18,2024-06-24,East,Norwich,Small Business,Online,P-013,14,0.1,168.17,6.48
ORD-101239,2024-09-20,2024-09-23,East,Norwich,Corporate,B2B Sales,P-005,2,0,111.63,4.2
ORD-101240,2025-07-08,2025-07-10,South,Bristol,Corporate,Retail Store,P-008,2,0.25,271.98,4.2
ORD-101241,2024-05-30,2024-06-03,East,Cambridge,Corporate,Online,P-004,4,0.2,334.28,8.22
ORD-101242,2024-04-16,2024-04-18,South,Bristol,Small Business,B2B Sales,P-006,3,0,313.62,8.25
ORD-101243,2024-05-15,2024-05-20,North,Leeds,Corporate,Online,P-014,7,0.2,160.78,4.59
ORD-101244,2025-10-21,2025-10-27,West,Liverpool,Corporate,Online,P-011,11,0,184.2,9.45
ORD-101245,2025-08-29,2025-09-01,North,Leeds,Corporate,Retail Store,P-013,5,0,57.63,4.05
ORD-101246,2025-11-10,2025-11-11,North,Leeds,Corporate,Online,P-014,4,0,157.65,3.78
ORD-101247,2024-11-02,2024-11-08,East,Norwich,Small Business,B2B Sales,P-010,4,0.25,23.36,3.78
ORD-101248,2025-10-18,2025-10-21,South,Brighton,Home Office,B2B Sales,P-015,8,0.1,52.27,4.86
ORD-101249,2025-12-11,2025-12-13,West,Birmingham,Home Office,Online,P-001,2,0.05,773.12,5.46
ORD-101250,2024-02-19,2024-02-24,East,Peterborough,Corporate,Online,P-009,3,0,326.18,4.95
ORD-101251,2024-11-30,2024-12-04,North,Manchester,Home Office,B2B Sales,P-009,1,0,162.94,3.45
ORD-101252,2025-03-11,2025-03-15,East,Peterborough,Home Office,B2B Sales,P-003,3,0.15,255.07,6.84
ORD-101253,2025-11-20,2025-11-25,North,Newcastle,Corporate,B2B Sales,P-003,1,0.05,148.81,6.8
ORD-101254,2025-12-15,2025-12-21,South,London,Home Office,B2B Sales,P-013,6,0.2,79.96,7.2
ORD-101255,2024-04-02,2024-04-07,East,Cambridge,Home Office,Online,P-015,7,0,43,4.59
ORD-101256,2025-03-26,2025-03-28,North,Manchester,Corporate,Online,P-014,7,0,187.7,4.59
ORD-101257,2025-10-06,2025-10-11,East,Cambridge,Corporate,Online,P-010,11,0,79.97,9.45
ORD-101258,2025-01-17,2025-01-23,West,Birmingham,Home Office,B2B Sales,P-002,4,0.15,628.87,13.7
ORD-101259,2024-05-14,2024-05-17,East,Peterborough,Small Business,Online,P-012,13,0,105.17,6.21
ORD-101260,2024-12-21,2024-12-26,East,Peterborough,Home Office,Online,P-010,3,0,26.07,5.85
ORD-101261,2024-06-10,2024-06-15,East,Peterborough,Home Office,Retail Store,P-009,2,0.1,225.94,4.2
ORD-101262,2024-04-15,2024-04-21,North,Manchester,Small Business,Retail Store,P-006,4,0.2,335.19,5.7
ORD-101263,2025-02-19,2025-02-24,South,London,Small Business,Retail Store,P-014,4,0.25,70.87,6.3
ORD-101264,2024-06-28,2024-07-01,South,Brighton,Corporate,B2B Sales,P-005,3,0.2,131.91,4.95
ORD-101265,2024-02-02,2024-02-05,North,Newcastle,Small Business,B2B Sales,P-009,4,0.1,400.74,5.7
ORD-101266,2025-10-05,2025-10-06,South,Bristol,Corporate,Retail Store,P-001,7,0.25,1780.61,20.6
ORD-101267,2024-03-31,2024-04-06,East,Peterborough,Corporate,Retail Store,P-013,23,0,261.04,14.85
ORD-101268,2025-02-21,2025-02-25,North,Leeds,Small Business,Online,P-003,2,0,212.8,5.46
ORD-101269,2024-11-04,2024-11-09,South,Bristol,Home Office,B2B Sales,P-005,4,0.2,221.83,9.5
ORD-101270,2024-06-25,2024-07-01,East,Peterborough,Home Office,Retail Store,P-010,7,0,43.51,4.59
ORD-101271,2025-05-29,2025-05-31,West,Liverpool,Home Office,Online,P-002,2,0.1,359.86,9.1
ORD-101272,2024-07-20,2024-07-26,West,Liverpool,Small Business,B2B Sales,P-011,3,0,40.38,3.51
ORD-101273,2025-12-16,2025-12-22,North,Newcastle,Corporate,B2B Sales,P-003,1,0,166.33,6.8
ORD-101274,2025-12-04,2025-12-07,South,Brighton,Home Office,Online,P-010,13,0.05,103.59,10.35
ORD-101275,2024-08-30,2024-09-03,North,Newcastle,Corporate,Online,P-009,1,0.25,86.59,5.75
ORD-101276,2024-11-19,2024-11-24,West,Birmingham,Small Business,Retail Store,P-008,1,0,265.08,3.45
ORD-101277,2025-04-14,2025-04-18,East,Norwich,Corporate,Online,P-007,4,0,215.1,5.7
ORD-101278,2025-01-25,2025-01-27,North,Manchester,Home Office,Online,P-001,2,0.25,378.4,9.1
ORD-101279,2024-03-09,2024-03-13,West,Cardiff,Small Business,Retail Store,P-007,1,0,50.63,3.45
ORD-101280,2024-01-05,2024-01-06,North,Manchester,Small Business,Online,P-002,1,0,182.59,4.08
ORD-101281,2025-09-07,2025-09-11,South,Bristol,Corporate,B2B Sales,P-005,7,0,382.42,13.25
ORD-101282,2025-11-12,2025-11-18,South,Brighton,Small Business,B2B Sales,P-003,3,0.1,424.88,6.84
ORD-101283,2024-12-08,2024-12-14,East,Cambridge,Home Office,B2B Sales,P-006,4,0.15,547.52,9.5
ORD-101284,2024-12-25,2024-12-28,South,Bristol,Home Office,Retail Store,P-009,4,0.05,686.11,5.7
ORD-101285,2024-03-28,2024-03-30,North,Manchester,Home Office,Retail Store,P-015,5,0,28.38,4.05
ORD-101286,2025-07-06,2025-07-08,West,Liverpool,Corporate,B2B Sales,P-002,3,0,592.24,11.4
ORD-101287,2024-12-16,2024-12-18,East,Cambridge,Home Office,Online,P-006,4,0.2,537.71,9.5
ORD-101288,2025-01-13,2025-01-15,South,Bristol,Small Business,Online,P-011,12,0,148,5.94
ORD-101289,2024-07-28,2024-07-30,South,Bristol,Corporate,B2B Sales,P-006,1,0.2,80.96,5.75
ORD-101290,2024-12-21,2024-12-23,West,Cardiff,Corporate,Retail Store,P-006,4,0.25,476.54,5.7
ORD-101291,2024-01-07,2024-01-12,West,Birmingham,Small Business,Retail Store,P-008,4,0,663.57,5.7
ORD-101292,2024-05-26,2024-06-01,North,Manchester,Corporate,Retail Store,P-009,2,0.25,203.34,7
ORD-101293,2025-02-01,2025-02-03,North,Leeds,Home Office,Retail Store,P-014,3,0,77.5,3.51
ORD-101294,2025-07-05,2025-07-09,North,Leeds,Home Office,B2B Sales,P-007,4,0.1,181.01,5.7
ORD-101295,2025-03-20,2025-03-22,West,Liverpool,Small Business,Retail Store,P-014,5,0,126.9,4.05
ORD-101296,2024-10-09,2024-10-14,East,Norwich,Small Business,B2B Sales,P-012,8,0.05,74.85,8.1
ORD-101297,2025-03-28,2025-04-01,West,Liverpool,Home Office,Retail Store,P-005,1,0.15,41.43,3.45
ORD-101298,2025-09-26,2025-10-01,West,Liverpool,Home Office,Retail Store,P-007,5,0,309.32,6.45
ORD-101299,2025-01-17,2025-01-19,East,Norwich,Home Office,B2B Sales,P-014,13,0,332.29,10.35
ORD-101300,2024-05-31,2024-06-01,West,Birmingham,Home Office,Retail Store,P-004,2,0.1,190.89,9.1
ORD-101301,2025-10-30,2025-11-01,East,Norwich,Corporate,B2B Sales,P-011,11,0.25,133.36,5.67
ORD-101302,2025-11-07,2025-11-13,North,Leeds,Corporate,Online,P-015,10,0,86.82,9
ORD-101303,2025-07-29,2025-07-30,South,Brighton,Corporate,B2B Sales,P-013,12,0.25,97.91,9.9
ORD-101304,2025-11-29,2025-12-03,West,Liverpool,Small Business,Online,P-015,12,0,102.84,9.9
ORD-101305,2024-03-03,2024-03-05,East,Cambridge,Corporate,B2B Sales,P-003,1,0,105.75,4.08
ORD-101306,2025-04-28,2025-05-02,East,Peterborough,Corporate,B2B Sales,P-011,13,0,181.58,10.35
ORD-101307,2024-03-05,2024-03-07,North,Newcastle,Small Business,Retail Store,P-012,13,0,104.89,6.21
ORD-101308,2025-06-17,2025-06-20,North,Manchester,Home Office,Retail Store,P-007,4,0,248.49,9.5
ORD-101309,2024-11-24,2024-11-28,West,Birmingham,Small Business,Online,P-006,1,0,143.2,3.45
ORD-101310,2024-01-29,2024-02-04,East,Cambridge,Small Business,Retail Store,P-001,3,0.2,597.97,6.84
ORD-101311,2024-01-03,2024-01-07,West,Liverpool,Corporate,Retail Store,P-013,14,0,146.33,6.48
ORD-101312,2025-01-19,2025-01-23,East,Norwich,Corporate,Retail Store,P-010,11,0.05,56.05,9.45
ORD-101313,2025-12-03,2025-12-07,West,Birmingham,Corporate,Retail Store,P-012,12,0,143.73,5.94
ORD-101314,2024-06-16,2024-06-21,West,Birmingham,Small Business,Retail Store,P-011,8,0,127.1,4.86
ORD-101315,2024-05-27,2024-05-31,North,Newcastle,Home Office,Retail Store,P-013,14,0.1,161.3,10.8
ORD-101316,2025-03-28,2025-04-01,East,Norwich,Corporate,Retail Store,P-006,4,0,442.99,5.7
ORD-101317,2025-09-16,2025-09-19,South,Brighton,Home Office,Online,P-003,2,0.15,197.33,9.1
ORD-101318,2025-10-13,2025-10-14,North,Newcastle,Small Business,B2B Sales,P-011,8,0.25,108.27,8.1
ORD-101319,2024-11-30,2024-12-01,South,London,Home Office,B2B Sales,P-007,2,0.25,109.73,7
ORD-101320,2025-02-15,2025-02-20,West,Liverpool,Corporate,B2B Sales,P-011,4,0.05,51.25,3.78
ORD-101321,2025-12-08,2025-12-14,North,Newcastle,Small Business,Retail Store,P-002,2,0,558.44,5.46
ORD-101322,2024-08-17,2024-08-21,West,Liverpool,Small Business,Online,P-009,2,0,231.66,7
ORD-101323,2024-03-04,2024-03-06,North,Newcastle,Corporate,Retail Store,P-005,4,0,191.92,9.5
ORD-101324,2024-08-28,2024-08-30,East,Peterborough,Home Office,Online,P-009,1,0.2,90.27,5.75
ORD-101325,2025-02-20,2025-02-26,West,Liverpool,Small Business,B2B Sales,P-013,20,0.05,195.69,13.5
ORD-101326,2024-02-28,2024-02-29,South,Brighton,Small Business,Retail Store,P-007,3,0.2,118.97,8.25
ORD-101327,2025-04-04,2025-04-08,North,Manchester,Corporate,B2B Sales,P-012,6,0.1,44.57,7.2
ORD-101328,2024-02-15,2024-02-17,North,Leeds,Home Office,B2B Sales,P-005,3,0.1,120.48,8.25
ORD-101329,2024-08-02,2024-08-07,East,Peterborough,Home Office,Retail Store,P-013,14,0.15,132.56,6.48
ORD-101330,2025-12-10,2025-12-12,West,Liverpool,Small Business,B2B Sales,P-005,1,0,70.2,5.75
ORD-101331,2025-12-29,2026-01-03,North,Leeds,Home Office,B2B Sales,P-015,9,0.25,59.36,5.13
ORD-101332,2025-06-28,2025-07-02,West,Cardiff,Corporate,Online,P-001,2,0,574.26,9.1
ORD-101333,2025-11-15,2025-11-20,East,Cambridge,Small Business,Online,P-009,1,0.05,165.6,5.75
ORD-101334,2024-02-16,2024-02-17,South,Bristol,Corporate,Retail Store,P-001,1,0.1,227.47,4.08
ORD-101335,2024-02-25,2024-02-26,South,London,Home Office,B2B Sales,P-001,3,0,733.45,6.84
ORD-101336,2024-12-19,2024-12-20,North,Leeds,Small Business,Retail Store,P-007,4,0.25,251.01,9.5
ORD-101337,2024-01-09,2024-01-10,South,Bristol,Corporate,B2B Sales,P-001,2,0,503.44,9.1
ORD-101338,2024-06-06,2024-06-07,South,Brighton,Small Business,B2B Sales,P-008,2,0.1,365.59,4.2
ORD-101339,2025-05-19,2025-05-24,East,Norwich,Small Business,B2B Sales,P-010,11,0,64.9,9.45
ORD-101340,2025-05-14,2025-05-20,South,Bristol,Home Office,Retail Store,P-004,4,0,425.68,13.7
ORD-101341,2024-08-01,2024-08-07,West,Liverpool,Small Business,Retail Store,P-005,4,0,200.8,5.7
ORD-101342,2025-12-25,2025-12-31,South,Bristol,Small Business,B2B Sales,P-006,1,0,158.95,3.45
ORD-101343,2025-04-04,2025-04-06,West,Cardiff,Home Office,Retail Store,P-009,3,0.1,340.99,8.25
ORD-101344,2025-12-12,2025-12-16,East,Cambridge,Small Business,B2B Sales,P-012,11,0,130.54,9.45
ORD-101345,2024-10-21,2024-10-22,North,Leeds,Corporate,B2B Sales,P-013,11,0.25,117.79,9.45
ORD-101346,2024-02-27,2024-03-04,South,Brighton,Small Business,Online,P-010,13,0.05,65.96,6.21
ORD-101347,2024-09-25,2024-09-27,South,Bristol,Corporate,Online,P-014,9,0,280.55,8.55
ORD-101348,2025-11-21,2025-11-22,West,Liverpool,Corporate,Retail Store,P-001,7,0.2,2053.81,20.6
ORD-101349,2024-03-30,2024-04-01,North,Leeds,Small Business,Retail Store,P-012,11,0,87.41,5.67
ORD-101350,2025-07-05,2025-07-11,East,Cambridge,Small Business,Retail Store,P-008,4,0.25,557.09,5.7
ORD-101351,2025-11-18,2025-11-23,North,Newcastle,Small Business,Online,P-008,4,0.25,767.89,5.7
ORD-101352,2024-07-15,2024-07-17,South,London,Small Business,Online,P-014,11,0,295.66,9.45
ORD-101353,2024-11-13,2024-11-16,North,Manchester,Home Office,Online,P-006,4,0,636.06,9.5
ORD-101354,2025-07-02,2025-07-08,East,Norwich,Home Office,Online,P-011,13,0,177.15,6.21
ORD-101355,2025-12-08,2025-12-09,South,Bristol,Home Office,Online,P-004,1,0,152.11,6.8
ORD-101356,2024-09-01,2024-09-02,North,Leeds,Corporate,Online,P-013,8,0,106.47,4.86
ORD-101357,2025-06-30,2025-07-04,South,London,Small Business,B2B Sales,P-008,2,0,404.62,7
ORD-101358,2025-06-30,2025-07-05,North,Leeds,Corporate,Online,P-009,3,0.1,363.16,4.95
ORD-101359,2025-12-03,2025-12-06,East,Peterborough,Corporate,Online,P-009,1,0,186.81,5.75
ORD-101360,2024-09-07,2024-09-11,North,Manchester,Small Business,Online,P-014,9,0,273,5.13
ORD-101361,2025-09-27,2025-10-03,West,Birmingham,Home Office,Online,P-007,4,0.1,209.28,9.5
ORD-101362,2024-09-02,2024-09-07,West,Cardiff,Home Office,Online,P-002,2,0.25,332.41,5.46
ORD-101363,2024-07-08,2024-07-11,South,London,Corporate,Retail Store,P-002,1,0.05,183.06,6.8
ORD-101364,2024-10-29,2024-11-01,North,Leeds,Corporate,Online,P-001,2,0,686.81,9.1
ORD-101365,2024-01-16,2024-01-19,South,Brighton,Corporate,Retail Store,P-001,1,0,247.17,4.08
ORD-101366,2024-05-21,2024-05-22,North,Manchester,Home Office,Online,P-002,4,0.2,660.29,13.7
ORD-101367,2025-11-16,2025-11-22,East,Norwich,Corporate,Retail Store,P-014,6,0,221.36,4.32
ORD-101368,2025-07-01,2025-07-04,West,Liverpool,Corporate,Online,P-005,3,0,141.58,8.25
ORD-101369,2025-04-11,2025-04-17,North,Leeds,Corporate,B2B Sales,P-001,1,0,265.47,6.8
ORD-101370,2024-07-27,2024-08-02,North,Newcastle,Home Office,Retail Store,P-008,2,0,351.4,4.2
ORD-101371,2024-09-19,2024-09-20,West,Birmingham,Corporate,B2B Sales,P-011,4,0,62.23,6.3
ORD-101372,2024-08-02,2024-08-04,South,Brighton,Small Business,Retail Store,P-005,2,0,93.96,4.2
ORD-101373,2025-05-07,2025-05-11,West,Birmingham,Home Office,Retail Store,P-009,4,0,526.92,5.7
ORD-101374,2024-08-10,2024-08-12,North,Manchester,Corporate,Online,P-008,3,0.2,442.71,4.95
ORD-101375,2025-05-06,2025-05-12,East,Norwich,Corporate,Online,P-002,2,0,398.24,5.46
ORD-101376,2025-06-29,2025-07-02,East,Peterborough,Corporate,Online,P-002,4,0.2,649.99,13.7
ORD-101377,2025-09-30,2025-10-02,South,Bristol,Corporate,B2B Sales,P-009,4,0,524.4,9.5
ORD-101378,2024-01-04,2024-01-08,South,London,Home Office,Retail Store,P-015,3,0.05,15.5,3.51
ORD-101379,2025-05-17,2025-05-19,East,Cambridge,Home Office,Online,P-011,13,0,206.56,6.21
ORD-101380,2024-12-27,2024-12-28,North,Manchester,Corporate,Retail Store,P-014,4,0,151.24,3.78
ORD-101381,2024-08-19,2024-08-20,South,Brighton,Small Business,Online,P-012,11,0.05,84.12,9.45
ORD-101382,2025-11-30,2025-12-04,West,Birmingham,Corporate,Retail Store,P-015,23,0,197.59,14.85
ORD-101383,2024-01-09,2024-01-15,North,Manchester,Home Office,Online,P-009,2,0.2,180,4.2
ORD-101384,2025-01-02,2025-01-04,West,Liverpool,Small Business,Retail Store,P-002,1,0.05,173.97,4.08
ORD-101385,2024-04-04,2024-04-06,South,Bristol,Home Office,B2B Sales,P-005,3,0.05,145.82,8.25
ORD-101386,2024-10-30,2024-11-01,West,Birmingham,Home Office,B2B Sales,P-013,14,0.25,146.12,6.48
ORD-101387,2025-09-25,2025-10-01,North,Manchester,Small Business,Retail Store,P-001,2,0.15,513.55,5.46
ORD-101388,2025-12-22,2025-12-23,North,Leeds,Home Office,B2B Sales,P-005,4,0,300.41,9.5
ORD-101389,2025-10-19,2025-10-23,East,Peterborough,Home Office,B2B Sales,P-006,7,0.25,650.1,13.25
ORD-101390,2024-07-28,2024-08-01,North,Newcastle,Corporate,Online,P-003,2,0,199.99,5.46
ORD-101391,2025-08-13,2025-08-18,South,Brighton,Corporate,B2B Sales,P-006,5,0,551.42,6.45
ORD-101392,2025-04-14,2025-04-20,East,Cambridge,Corporate,B2B Sales,P-007,5,0.25,212.06,10.75
ORD-101393,2024-01-16,2024-01-21,East,Cambridge,Corporate,Online,P-013,9,0.05,89.62,5.13
ORD-101394,2024-06-06,2024-06-12,South,Brighton,Corporate,Retail Store,P-009,1,0,124.95,3.45
ORD-101395,2024-06-09,2024-06-10,East,Norwich,Corporate,Online,P-011,6,0,90.87,4.32
ORD-101396,2024-01-19,2024-01-23,West,Cardiff,Corporate,Retail Store,P-001,1,0,260.42,6.8
ORD-101397,2025-07-28,2025-08-03,South,Bristol,Small Business,Online,P-010,4,0,20.93,6.3
ORD-101398,2024-01-18,2024-01-22,West,Cardiff,Small Business,B2B Sales,P-002,3,0,566.48,6.84
ORD-101399,2024-04-13,2024-04-19,South,London,Home Office,B2B Sales,P-015,8,0.2,40.23,4.86
ORD-101400,2024-06-24,2024-06-27,North,Manchester,Home Office,B2B Sales,P-007,2,0,120.44,4.2
ORD-101401,2025-01-10,2025-01-16,West,Cardiff,Home Office,B2B Sales,P-010,14,0,70.93,6.48
ORD-101402,2025-06-07,2025-06-12,West,Birmingham,Corporate,Retail Store,P-009,1,0,129.21,3.45
ORD-101403,2025-06-04,2025-06-10,East,Cambridge,Small Business,Retail Store,P-012,3,0.2,20.59,3.51
ORD-101404,2025-03-10,2025-03-14,East,Norwich,Home Office,Retail Store,P-013,4,0.05,43.34,3.78
ORD-101405,2025-05-22,2025-05-24,West,Liverpool,Corporate,B2B Sales,P-010,3,0.1,15.96,5.85
ORD-101406,2025-06-05,2025-06-06,West,Liverpool,Small Business,Online,P-015,3,0,18.49,3.51
ORD-101407,2025-05-23,2025-05-29,West,Liverpool,Small Business,Retail Store,P-004,2,0.25,159.29,9.1
ORD-101408,2024-03-02,2024-03-06,West,Birmingham,Home Office,B2B Sales,P-012,5,0.1,36.05,6.75
ORD-101409,2025-10-11,2025-10-16,West,Birmingham,Small Business,Online,P-004,4,0,480.4,8.22
ORD-101410,2024-08-27,2024-08-28,South,Brighton,Small Business,B2B Sales,P-002,1,0,185.08,6.8
ORD-101411,2025-06-19,2025-06-20,North,Manchester,Corporate,Online,P-003,3,0.1,321.48,11.4
ORD-101412,2025-09-29,2025-09-30,West,Cardiff,Small Business,B2B Sales,P-002,5,0,1157.74,16
ORD-101413,2025-08-09,2025-08-10,South,Brighton,Home Office,Online,P-006,3,0,305.39,8.25
ORD-101414,2024-01-23,2024-01-27,West,Liverpool,Home Office,Online,P-002,1,0,186.5,4.08
ORD-101415,2024-07-11,2024-07-13,South,London,Corporate,Retail Store,P-012,4,0,30.19,3.78
ORD-101416,2024-07-17,2024-07-23,South,London,Corporate,Retail Store,P-006,1,0,100.68,5.75
ORD-101417,2025-02-14,2025-02-19,West,Liverpool,Home Office,Retail Store,P-008,4,0,696.4,9.5
ORD-101418,2024-04-21,2024-04-23,East,Cambridge,Corporate,Retail Store,P-003,3,0,339.12,6.84
ORD-101419,2024-03-12,2024-03-15,West,Liverpool,Home Office,Retail Store,P-013,14,0.05,156.56,6.48
ORD-101420,2024-01-16,2024-01-21,North,Leeds,Corporate,Retail Store,P-006,4,0,409.16,9.5
ORD-101421,2025-04-04,2025-04-05,West,Birmingham,Home Office,B2B Sales,P-008,4,0,779.08,5.7
ORD-101422,2025-08-19,2025-08-23,East,Peterborough,Corporate,Online,P-015,23,0.1,122.49,14.85
ORD-101423,2024-01-04,2024-01-08,North,Manchester,Home Office,Online,P-006,3,0,301.26,4.95
ORD-101424,2025-05-31,2025-06-02,North,Newcastle,Home Office,Retail Store,P-003,4,0,434.06,13.7
ORD-101425,2024-10-22,2024-10-27,North,Manchester,Home Office,B2B Sales,P-014,14,0,434.98,6.48
ORD-101426,2024-05-02,2024-05-03,North,Leeds,Home Office,B2B Sales,P-002,2,0,417.78,9.1
ORD-101427,2025-12-13,2025-12-16,North,Leeds,Home Office,Retail Store,P-002,4,0.15,949.46,13.7
ORD-101428,2025-11-21,2025-11-27,East,Peterborough,Home Office,Online,P-010,11,0,87.04,9.45
ORD-101429,2025-07-23,2025-07-28,West,Birmingham,Corporate,B2B Sales,P-004,4,0,382.59,8.22
ORD-101430,2024-10-08,2024-10-12,West,Birmingham,Home Office,Online,P-003,1,0,135.87,4.08
ORD-101431,2025-12-20,2025-12-21,South,London,Corporate,Online,P-015,9,0.15,63.05,5.13
ORD-101432,2024-02-28,2024-03-04,West,Liverpool,Corporate,Online,P-001,1,0,270.33,4.08
ORD-101433,2025-01-03,2025-01-09,North,Manchester,Home Office,Retail Store,P-015,11,0.25,43.29,9.45
ORD-101434,2024-04-15,2024-04-21,East,Cambridge,Corporate,Retail Store,P-013,11,0.2,109.11,5.67
ORD-101435,2024-11-07,2024-11-13,East,Norwich,Home Office,Online,P-005,4,0.05,254,9.5
ORD-101436,2025-07-08,2025-07-14,South,Bristol,Corporate,Retail Store,P-010,14,0,73.95,6.48
ORD-101437,2025-09-24,2025-09-25,East,Peterborough,Small Business,B2B Sales,P-010,16,0.05,93.78,11.7
ORD-101438,2025-01-07,2025-01-08,East,Norwich,Corporate,Online,P-003,3,0,286.22,6.84
ORD-101439,2024-06-21,2024-06-23,South,London,Small Business,Retail Store,P-011,12,0,183.68,5.94
ORD-101440,2025-08-07,2025-08-13,South,Brighton,Small Business,B2B Sales,P-003,4,0,411.14,8.22
ORD-101441,2025-06-11,2025-06-15,North,Manchester,Home Office,Retail Store,P-005,1,0.15,44.79,5.75
ORD-101442,2024-12-28,2025-01-01,East,Cambridge,Small Business,Online,P-012,12,0,140.42,5.94
ORD-101443,2025-11-07,2025-11-13,South,London,Home Office,B2B Sales,P-005,2,0,140.71,7
ORD-101444,2024-11-05,2024-11-07,South,Brighton,Small Business,B2B Sales,P-015,3,0.2,20.02,3.51
ORD-101445,2024-02-21,2024-02-23,North,Newcastle,Home Office,Online,P-002,1,0.15,163.46,4.08
ORD-101446,2024-07-28,2024-07-29,North,Newcastle,Corporate,Retail Store,P-004,1,0,100.05,4.08
ORD-101447,2025-09-15,2025-09-17,West,Liverpool,Home Office,B2B Sales,P-004,3,0,355.7,11.4
ORD-101448,2025-09-21,2025-09-27,West,Liverpool,Corporate,Retail Store,P-007,4,0,252.2,5.7
ORD-101449,2024-04-04,2024-04-06,South,Brighton,Home Office,B2B Sales,P-005,2,0,102.78,4.2
ORD-101450,2024-10-13,2024-10-15,East,Norwich,Corporate,Online,P-005,1,0.25,47.52,5.75
ORD-101451,2024-01-21,2024-01-23,North,Leeds,Corporate,Retail Store,P-009,2,0,212.43,4.2
ORD-101452,2025-04-10,2025-04-13,East,Cambridge,Small Business,Online,P-013,6,0,73.67,4.32
ORD-101453,2025-06-02,2025-06-04,East,Peterborough,Home Office,B2B Sales,P-013,12,0,157.03,5.94
ORD-101454,2024-03-31,2024-04-03,North,Manchester,Home Office,Online,P-008,2,0,355.49,4.2
ORD-101455,2025-08-06,2025-08-07,West,Birmingham,Small Business,Retail Store,P-007,2,0.15,89.54,7
ORD-101456,2024-12-06,2024-12-09,West,Liverpool,Home Office,B2B Sales,P-006,1,0,165.6,3.45
ORD-101457,2024-05-26,2024-06-01,East,Norwich,Corporate,Online,P-008,7,0,1344.01,7.95
ORD-101458,2025-04-27,2025-05-03,East,Cambridge,Corporate,Online,P-006,2,0,216.95,7
ORD-101459,2024-10-27,2024-10-29,North,Newcastle,Small Business,Online,P-001,2,0.25,497.11,5.46
ORD-101460,2024-12-18,2024-12-19,South,London,Corporate,B2B Sales,P-010,10,0,90.2,5.4
ORD-101461,2025-01-09,2025-01-11,East,Cambridge,Home Office,B2B Sales,P-005,4,0.25,137.34,5.7
ORD-101462,2025-08-07,2025-08-10,East,Peterborough,Small Business,B2B Sales,P-006,5,0.15,470.01,6.45
ORD-101463,2025-11-04,2025-11-06,North,Manchester,Small Business,Online,P-014,11,0.05,395.64,5.67
ORD-101464,2025-08-09,2025-08-15,North,Manchester,Home Office,B2B Sales,P-007,4,0.15,185.56,5.7
ORD-101465,2024-05-23,2024-05-26,North,Leeds,Small Business,Online,P-002,3,0,661.73,11.4
ORD-101466,2025-11-10,2025-11-14,North,Leeds,Home Office,B2B Sales,P-008,3,0.05,771.28,8.25
ORD-101467,2025-09-14,2025-09-15,North,Manchester,Home Office,Retail Store,P-007,1,0.15,52.99,3.45
ORD-101468,2025-03-13,2025-03-18,North,Manchester,Home Office,B2B Sales,P-006,3,0.1,275.84,8.25
ORD-101469,2025-04-13,2025-04-18,East,Cambridge,Home Office,B2B Sales,P-014,11,0,316.6,5.67
ORD-101470,2024-11-13,2024-11-17,East,Norwich,Small Business,Retail Store,P-013,5,0,86.71,6.75
ORD-101471,2025-08-31,2025-09-01,South,London,Corporate,B2B Sales,P-006,3,0,324.81,8.25
ORD-101472,2025-11-15,2025-11-18,West,Birmingham,Small Business,B2B Sales,P-013,7,0,108.22,7.65
ORD-101473,2025-10-15,2025-10-21,South,Brighton,Small Business,Retail Store,P-008,4,0,939.91,5.7
ORD-101474,2025-03-23,2025-03-25,West,Cardiff,Small Business,Online,P-007,4,0,221.67,9.5
ORD-101475,2024-06-04,2024-06-10,South,Bristol,Corporate,Retail Store,P-010,6,0.15,31.91,4.32
ORD-101476,2025-06-03,2025-06-09,North,Newcastle,Small Business,Retail Store,P-006,4,0.05,460.96,9.5
ORD-101477,2025-09-23,2025-09-28,North,Leeds,Small Business,Retail Store,P-003,4,0,480.77,8.22
ORD-101478,2025-07-27,2025-07-28,West,Liverpool,Corporate,Online,P-013,8,0.15,80.41,8.1
ORD-101479,2025-01-12,2025-01-15,West,Cardiff,Corporate,Retail Store,P-003,3,0.05,292.84,6.84
ORD-101480,2024-07-20,2024-07-25,South,Bristol,Corporate,B2B Sales,P-002,1,0,180.79,6.8
ORD-101481,2024-02-19,2024-02-22,West,Cardiff,Corporate,Retail Store,P-004,2,0.25,149.4,9.1
ORD-101482,2024-02-03,2024-02-09,South,Brighton,Small Business,B2B Sales,P-006,2,0,208.08,4.2
ORD-101483,2025-04-06,2025-04-10,South,Bristol,Small Business,Online,P-002,1,0,199.7,6.8
ORD-101484,2025-04-16,2025-04-18,North,Newcastle,Corporate,B2B Sales,P-014,10,0.05,244.97,9
ORD-101485,2024-11-25,2024-11-27,South,Bristol,Home Office,B2B Sales,P-009,4,0,655.97,5.7
ORD-101486,2025-06-02,2025-06-06,North,Newcastle,Home Office,Retail Store,P-015,23,0.1,134.97,8.91
ORD-101487,2025-11-17,2025-11-23,East,Norwich,Home Office,Retail Store,P-004,1,0.15,128.15,6.8
ORD-101488,2024-01-26,2024-02-01,East,Cambridge,Home Office,Online,P-014,4,0,92.36,6.3
ORD-101489,2025-01-04,2025-01-10,West,Cardiff,Corporate,B2B Sales,P-006,2,0,208.15,4.2
ORD-101490,2025-11-20,2025-11-21,South,Bristol,Home Office,B2B Sales,P-011,22,0.15,393.06,8.64
ORD-101491,2025-06-16,2025-06-19,North,Newcastle,Small Business,Retail Store,P-001,1,0.2,228.93,4.08
ORD-101492,2025-01-20,2025-01-23,West,Liverpool,Corporate,B2B Sales,P-012,14,0.2,83.95,10.8
ORD-101493,2024-09-13,2024-09-17,East,Cambridge,Home Office,Online,P-002,2,0,467.98,5.46
ORD-101494,2025-01-01,2025-01-07,East,Peterborough,Corporate,B2B Sales,P-013,14,0.2,122.24,10.8
ORD-101495,2025-06-09,2025-06-13,East,Cambridge,Corporate,B2B Sales,P-009,3,0,395.84,4.95
ORD-101496,2024-06-01,2024-06-04,East,Peterborough,Small Business,Retail Store,P-007,2,0.15,98.78,4.2
ORD-101497,2024-09-17,2024-09-21,South,London,Corporate,Retail Store,P-004,3,0.25,270.7,6.84
ORD-101498,2024-10-07,2024-10-11,North,Manchester,Small Business,Retail Store,P-004,1,0,119.66,6.8
ORD-101499,2024-09-13,2024-09-18,East,Peterborough,Home Office,Online,P-002,1,0.05,202.62,6.8
ORD-101500,2024-11-17,2024-11-23,West,Birmingham,Small Business,Online,P-009,2,0,350.67,7
ORD-101501,2025-02-09,2025-02-14,South,Bristol,Home Office,B2B Sales,P-009,4,0,470.59,5.7
ORD-101502,2025-08-02,2025-08-07,East,Cambridge,Corporate,Online,P-005,7,0.2,276.17,7.95
ORD-101503,2024-07-02,2024-07-08,West,Birmingham,Home Office,Online,P-003,2,0.15,171.9,9.1
ORD-101504,2024-03-08,2024-03-11,East,Peterborough,Small Business,Retail Store,P-010,14,0,76.98,6.48
ORD-101505,2025-05-09,2025-05-10,East,Norwich,Small Business,Online,P-012,9,0.25,56.01,5.13
ORD-101506,2024-01-03,2024-01-09,North,Newcastle,Home Office,Retail Store,P-004,4,0.15,309.78,8.22
ORD-101507,2025-05-18,2025-05-19,West,Birmingham,Small Business,Online,P-004,4,0.15,394.02,13.7
ORD-101508,2025-06-01,2025-06-03,East,Norwich,Small Business,Retail Store,P-010,6,0,37.34,4.32
ORD-101509,2024-09-29,2024-10-02,North,Newcastle,Small Business,Online,P-012,7,0,59.51,7.65
ORD-101510,2025-12-20,2025-12-22,West,Liverpool,Home Office,B2B Sales,P-002,2,0,567.57,9.1
ORD-101511,2025-04-23,2025-04-26,East,Peterborough,Corporate,Online,P-009,2,0.05,235.31,4.2
ORD-101512,2024-12-14,2024-12-20,West,Liverpool,Corporate,B2B Sales,P-014,7,0.05,276.84,4.59
ORD-101513,2025-03-27,2025-03-30,North,Manchester,Corporate,B2B Sales,P-007,2,0,109.41,4.2
ORD-101514,2024-02-20,2024-02-21,North,Newcastle,Home Office,B2B Sales,P-014,11,0.1,258.69,5.67
ORD-101515,2025-06-19,2025-06-23,North,Manchester,Small Business,B2B Sales,P-008,4,0,772.59,9.5
ORD-101516,2024-07-16,2024-07-20,East,Norwich,Home Office,B2B Sales,P-005,4,0.2,146.77,5.7
ORD-101517,2025-05-10,2025-05-16,West,Cardiff,Corporate,Online,P-010,9,0.2,45.89,5.13
ORD-101518,2025-12-03,2025-12-05,East,Norwich,Corporate,Online,P-011,11,0.05,221.03,9.45
ORD-101519,2025-04-16,2025-04-18,West,Birmingham,Corporate,B2B Sales,P-001,4,0.2,876.09,13.7
ORD-101520,2024-05-19,2024-05-24,West,Cardiff,Corporate,Retail Store,P-003,4,0.2,346.88,13.7
ORD-101521,2024-11-12,2024-11-17,West,Liverpool,Corporate,Retail Store,P-007,4,0.2,257.88,9.5
ORD-101522,2024-05-07,2024-05-12,West,Cardiff,Home Office,B2B Sales,P-015,9,0.15,49.28,5.13
ORD-101523,2024-07-07,2024-07-10,West,Birmingham,Corporate,Online,P-009,3,0,340.26,8.25
ORD-101524,2025-06-27,2025-07-02,East,Peterborough,Corporate,Online,P-006,3,0.15,281.82,4.95
ORD-101525,2024-10-27,2024-10-28,West,Cardiff,Corporate,Online,P-008,1,0,234.45,3.45
ORD-101526,2024-03-02,2024-03-05,East,Cambridge,Small Business,B2B Sales,P-004,4,0.05,384.97,13.7
ORD-101527,2024-11-12,2024-11-13,North,Leeds,Small Business,Online,P-015,13,0,109.48,10.35
ORD-101528,2024-02-14,2024-02-16,South,London,Home Office,B2B Sales,P-012,9,0.1,64.06,5.13
ORD-101529,2024-07-23,2024-07-29,West,Birmingham,Small Business,Retail Store,P-007,7,0.25,277.43,13.25
ORD-101530,2025-07-22,2025-07-26,East,Norwich,Home Office,Online,P-002,1,0,183.51,4.08
ORD-101531,2025-12-28,2025-12-31,North,Newcastle,Home Office,Retail Store,P-011,11,0,243.02,5.67
ORD-101532,2025-02-26,2025-02-28,East,Peterborough,Small Business,Retail Store,P-002,3,0,570.64,11.4
ORD-101533,2025-05-11,2025-05-15,East,Cambridge,Home Office,B2B Sales,P-011,16,0,252.16,11.7
ORD-101534,2024-07-02,2024-07-07,West,Cardiff,Small Business,Online,P-002,2,0,383.65,5.46
ORD-101535,2024-12-08,2024-12-11,South,Bristol,Small Business,B2B Sales,P-004,3,0.2,374.81,11.4
ORD-101536,2024-10-18,2024-10-20,South,Brighton,Small Business,B2B Sales,P-015,10,0.1,67.52,9
ORD-101537,2025-12-21,2025-12-27,North,Newcastle,Corporate,Online,P-002,4,0.15,977.93,8.22
ORD-101538,2025-02-18,2025-02-21,North,Manchester,Small Business,Retail Store,P-002,1,0,185.4,6.8
ORD-101539,2024-09-15,2024-09-20,North,Leeds,Home Office,Online,P-010,6,0.1,34.1,7.2
ORD-101540,2024-03-02,2024-03-03,East,Cambridge,Home Office,Retail Store,P-002,2,0,366.75,5.46
ORD-101541,2025-05-15,2025-05-18,West,Liverpool,Corporate,Online,P-007,2,0.15,94.3,7
ORD-101542,2024-04-04,2024-04-07,North,Manchester,Small Business,Online,P-005,3,0.1,142.11,4.95
ORD-101543,2024-09-14,2024-09-15,North,Leeds,Small Business,B2B Sales,P-007,1,0.25,45.31,5.75
ORD-101544,2024-11-09,2024-11-12,North,Leeds,Small Business,Online,P-004,1,0,151.27,4.08
ORD-101545,2024-12-21,2024-12-26,East,Norwich,Home Office,Retail Store,P-015,16,0,136.38,11.7
ORD-101546,2024-04-24,2024-04-30,East,Cambridge,Corporate,Online,P-012,10,0,83.61,9
ORD-101547,2024-09-13,2024-09-19,East,Norwich,Small Business,Online,P-015,14,0.25,65.5,10.8
ORD-101548,2025-06-02,2025-06-08,East,Cambridge,Small Business,Retail Store,P-012,5,0.25,32.03,4.05
ORD-101549,2025-09-08,2025-09-13,West,Birmingham,Small Business,B2B Sales,P-010,10,0,67.31,5.4
ORD-101550,2024-04-15,2024-04-16,North,Manchester,Corporate,Retail Store,P-008,1,0.05,183.4,3.45
ORD-101551,2025-05-10,2025-05-12,West,Birmingham,Corporate,Online,P-001,2,0.15,508.14,5.46
ORD-101552,2025-01-06,2025-01-07,East,Cambridge,Small Business,B2B Sales,P-002,3,0.25,390.17,6.84
ORD-101553,2024-11-13,2024-11-18,North,Newcastle,Corporate,Retail Store,P-008,1,0,260.24,3.45
ORD-101554,2025-03-03,2025-03-08,East,Peterborough,Home Office,Online,P-010,7,0,40.27,4.59
ORD-101555,2024-02-05,2024-02-09,West,Cardiff,Small Business,B2B Sales,P-011,9,0,124.38,8.55
ORD-101556,2024-06-16,2024-06-20,South,Bristol,Small Business,B2B Sales,P-013,3,0,37.58,5.85
ORD-101557,2024-08-04,2024-08-07,South,Bristol,Small Business,B2B Sales,P-008,3,0,519.5,4.95
ORD-101558,2025-08-23,2025-08-28,North,Manchester,Corporate,Online,P-004,4,0,427.12,13.7
ORD-101559,2024-05-23,2024-05-26,West,Birmingham,Corporate,Online,P-010,10,0.05,60.09,5.4
ORD-101560,2024-05-07,2024-05-12,East,Cambridge,Corporate,Online,P-002,1,0,207.88,4.08
ORD-101561,2025-02-10,2025-02-12,West,Birmingham,Small Business,B2B Sales,P-008,3,0,539.4,8.25
ORD-101562,2024-12-04,2024-12-08,West,Birmingham,Home Office,B2B Sales,P-001,4,0.1,1434.41,8.22
ORD-101563,2024-08-25,2024-08-26,East,Peterborough,Home Office,B2B Sales,P-007,3,0,161.09,4.95
ORD-101564,2024-12-01,2024-12-03,West,Liverpool,Home Office,B2B Sales,P-003,1,0.05,159.22,4.08
ORD-101565,2025-03-06,2025-03-11,West,Liverpool,Small Business,B2B Sales,P-003,1,0,99.98,6.8
ORD-101566,2025-10-08,2025-10-14,West,Birmingham,Small Business,Online,P-006,1,0.25,95.07,3.45
ORD-101567,2024-12-07,2024-12-13,South,Brighton,Small Business,Online,P-002,1,0,305.29,4.08
ORD-101568,2024-06-13,2024-06-19,East,Cambridge,Corporate,Online,P-010,4,0,23.67,6.3
ORD-101569,2025-04-06,2025-04-08,North,Leeds,Home Office,Retail Store,P-005,3,0,143.57,8.25
ORD-101570,2025-02-19,2025-02-23,North,Leeds,Small Business,Retail Store,P-007,2,0,97.53,4.2
ORD-101571,2024-01-11,2024-01-13,West,Birmingham,Corporate,B2B Sales,P-001,1,0,261.94,4.08
ORD-101572,2025-05-03,2025-05-09,West,Birmingham,Home Office,B2B Sales,P-009,4,0.05,497.73,9.5
ORD-101573,2025-09-28,2025-09-29,North,Newcastle,Small Business,Online,P-003,1,0,117.4,4.08
ORD-101574,2025-11-04,2025-11-05,North,Newcastle,Small Business,Online,P-002,1,0,264.82,4.08
ORD-101575,2025-01-25,2025-01-29,North,Leeds,Small Business,B2B Sales,P-005,4,0.15,161,5.7
ORD-101576,2024-10-31,2024-11-05,West,Birmingham,Small Business,Online,P-013,14,0,197.79,10.8
ORD-101577,2025-04-02,2025-04-05,East,Cambridge,Home Office,Retail Store,P-001,1,0.1,257.87,4.08
ORD-101578,2025-06-11,2025-06-13,East,Cambridge,Corporate,B2B Sales,P-014,8,0.1,209.83,8.1
ORD-101579,2024-08-11,2024-08-15,East,Peterborough,Home Office,Online,P-014,12,0,303.56,5.94
ORD-101580,2024-11-10,2024-11-16,North,Manchester,Corporate,Online,P-001,3,0.2,902.22,11.4
ORD-101581,2025-05-01,2025-05-04,North,Leeds,Home Office,B2B Sales,P-014,3,0,85.62,5.85
ORD-101582,2025-07-27,2025-08-02,South,Brighton,Small Business,Online,P-013,11,0,116.03,9.45
ORD-101583,2024-11-06,2024-11-12,South,Bristol,Corporate,Online,P-011,8,0,159.55,8.1
ORD-101584,2024-11-19,2024-11-20,West,Cardiff,Small Business,Online,P-006,7,0.1,1014.26,7.95
ORD-101585,2025-02-03,2025-02-07,North,Leeds,Home Office,Online,P-009,4,0.05,425.53,9.5
ORD-101586,2024-09-07,2024-09-08,North,Manchester,Corporate,Online,P-013,10,0,133.7,5.4
ORD-101587,2025-06-30,2025-07-05,North,Leeds,Corporate,B2B Sales,P-009,3,0,374.53,4.95
ORD-101588,2025-11-24,2025-11-27,East,Norwich,Home Office,Retail Store,P-003,2,0,314.92,9.1
ORD-101589,2024-10-28,2024-11-01,North,Leeds,Home Office,Online,P-004,4,0.1,470.18,8.22
ORD-101590,2025-06-06,2025-06-12,East,Peterborough,Home Office,B2B Sales,P-012,3,0.15,22,3.51
ORD-101591,2024-09-02,2024-09-03,South,Brighton,Small Business,Online,P-006,4,0,493.04,5.7
ORD-101592,2024-08-16,2024-08-19,North,Newcastle,Corporate,B2B Sales,P-003,3,0.15,272.67,6.84
ORD-101593,2025-11-14,2025-11-15,West,Birmingham,Small Business,Retail Store,P-010,8,0.2,53.34,4.86
ORD-101594,2025-06-10,2025-06-14,West,Liverpool,Home Office,Retail Store,P-010,12,0,79.58,5.94
ORD-101595,2024-08-02,2024-08-04,West,Cardiff,Corporate,B2B Sales,P-014,14,0,373.15,6.48
ORD-101596,2025-01-14,2025-01-17,North,Leeds,Home Office,B2B Sales,P-013,8,0.25,62.79,8.1
ORD-101597,2025-03-25,2025-03-29,West,Birmingham,Small Business,B2B Sales,P-011,3,0.2,32.65,3.51
ORD-101598,2024-03-09,2024-03-11,West,Liverpool,Corporate,B2B Sales,P-002,1,0,193.3,4.08
ORD-101599,2024-12-07,2024-12-11,North,Manchester,Corporate,B2B Sales,P-010,22,0.2,157.22,8.64
ORD-101600,2024-01-13,2024-01-19,South,Brighton,Home Office,Online,P-006,2,0.05,190.04,4.2
ORD-101601,2024-01-16,2024-01-20,South,Bristol,Home Office,Online,P-013,25,0,261.48,15.75
ORD-101602,2025-08-26,2025-08-29,West,Cardiff,Small Business,Online,P-009,3,0.2,288.27,8.25
ORD-101603,2025-08-05,2025-08-08,East,Norwich,Home Office,Retail Store,P-012,9,0,69.93,5.13
ORD-101604,2024-10-20,2024-10-22,West,Liverpool,Home Office,Online,P-009,4,0,560.96,9.5
ORD-101605,2025-03-28,2025-04-01,North,Newcastle,Small Business,B2B Sales,P-002,1,0.1,171.73,4.08
ORD-101606,2024-01-29,2024-02-02,South,London,Small Business,Online,P-006,1,0,98.77,5.75
ORD-101607,2025-12-11,2025-12-15,North,Newcastle,Home Office,Retail Store,P-015,25,0,213.23,15.75
ORD-101608,2024-01-04,2024-01-05,North,Manchester,Corporate,B2B Sales,P-002,2,0,346.03,5.46
ORD-101609,2024-01-27,2024-02-01,West,Liverpool,Corporate,B2B Sales,P-008,4,0,649.9,5.7
ORD-101610,2024-09-19,2024-09-24,West,Cardiff,Home Office,Retail Store,P-005,2,0.15,98.65,4.2
ORD-101611,2025-04-02,2025-04-06,East,Norwich,Home Office,B2B Sales,P-007,2,0,105.26,7
ORD-101612,2025-03-07,2025-03-12,South,Bristol,Home Office,B2B Sales,P-014,10,0,268.4,5.4
ORD-101613,2024-11-03,2024-11-06,East,Norwich,Small Business,B2B Sales,P-003,3,0.25,327.94,11.4
ORD-101614,2024-11-29,2024-12-02,North,Manchester,Small Business,Retail Store,P-006,1,0,157.96,5.75
ORD-101615,2024-06-28,2024-07-02,West,Cardiff,Home Office,Retail Store,P-009,3,0.25,300.45,4.95
ORD-101616,2024-11-28,2024-12-03,East,Cambridge,Small Business,B2B Sales,P-007,4,0,290.94,5.7
ORD-101617,2025-11-07,2025-11-09,South,Brighton,Small Business,Retail Store,P-015,14,0.05,106.71,6.48
ORD-101618,2024-12-30,2024-12-31,West,Birmingham,Home Office,B2B Sales,P-004,4,0.15,543.09,8.22
ORD-101619,2024-06-03,2024-06-06,West,Cardiff,Home Office,B2B Sales,P-005,4,0,217.07,9.5
ORD-101620,2024-10-30,2024-10-31,North,Leeds,Small Business,Online,P-011,10,0.1,151.44,5.4
ORD-101621,2024-10-13,2024-10-15,North,Leeds,Corporate,Retail Store,P-013,10,0.2,110.31,5.4
ORD-101622,2024-11-22,2024-11-26,South,Brighton,Corporate,Online,P-009,7,0.05,1137.84,7.95
ORD-101623,2025-05-15,2025-05-19,North,Newcastle,Corporate,Online,P-005,1,0,52.66,3.45
ORD-101624,2024-11-15,2024-11-17,South,Bristol,Corporate,Retail Store,P-009,3,0,512.89,4.95
ORD-101625,2024-10-17,2024-10-22,West,Liverpool,Home Office,Online,P-004,1,0,122.8,6.8
ORD-101626,2024-11-05,2024-11-07,East,Cambridge,Home Office,B2B Sales,P-011,9,0,179.02,8.55
ORD-101627,2024-07-16,2024-07-22,South,Bristol,Home Office,Online,P-015,12,0,69.93,5.94
ORD-101628,2025-02-21,2025-02-22,East,Norwich,Corporate,B2B Sales,P-004,2,0,190.6,9.1
ORD-101629,2025-05-01,2025-05-05,North,Manchester,Home Office,B2B Sales,P-003,5,0.25,431.53,16
ORD-101630,2024-03-13,2024-03-16,South,Brighton,Corporate,Retail Store,P-010,3,0,17.99,5.85
ORD-101631,2025-06-27,2025-06-30,West,Liverpool,Corporate,Retail Store,P-010,6,0.15,32.16,7.2
ORD-101632,2024-06-19,2024-06-20,West,Birmingham,Small Business,B2B Sales,P-012,4,0.2,28.73,6.3
ORD-101633,2024-01-05,2024-01-06,North,Leeds,Home Office,Retail Store,P-009,3,0.1,298.73,4.95
ORD-101634,2024-01-10,2024-01-14,South,Brighton,Home Office,B2B Sales,P-014,5,0.15,102.13,4.05
ORD-101635,2025-07-17,2025-07-20,East,Norwich,Home Office,B2B Sales,P-010,8,0,45.02,4.86
ORD-101636,2024-09-11,2024-09-16,South,Bristol,Small Business,Retail Store,P-001,1,0.05,281.22,6.8
ORD-101637,2025-03-07,2025-03-11,West,Liverpool,Home Office,B2B Sales,P-011,9,0.05,117.91,8.55
ORD-101638,2025-06-11,2025-06-14,East,Norwich,Home Office,Online,P-015,11,0.05,63.41,5.67
ORD-101639,2024-09-23,2024-09-28,East,Peterborough,Home Office,Retail Store,P-012,7,0,62.64,4.59
ORD-101640,2024-09-18,2024-09-22,South,Brighton,Small Business,Online,P-014,4,0.2,98.66,6.3
ORD-101641,2025-10-27,2025-10-28,North,Leeds,Home Office,B2B Sales,P-013,9,0,129.13,8.55
ORD-101642,2024-10-03,2024-10-06,West,Birmingham,Small Business,Retail Store,P-004,2,0,248.54,5.46
ORD-101643,2025-04-04,2025-04-07,East,Cambridge,Small Business,Retail Store,P-012,12,0.2,80.23,9.9
ORD-101644,2025-09-24,2025-09-29,West,Cardiff,Home Office,Retail Store,P-013,10,0,135.12,5.4
ORD-101645,2024-07-09,2024-07-10,South,London,Small Business,Online,P-001,2,0,529.78,9.1
ORD-101646,2025-07-18,2025-07-24,South,London,Small Business,Retail Store,P-013,5,0,54.79,6.75
ORD-101647,2024-04-28,2024-05-03,South,Brighton,Corporate,Retail Store,P-013,9,0.2,84.7,8.55
ORD-101648,2025-02-06,2025-02-07,West,Cardiff,Home Office,B2B Sales,P-001,4,0,1041.34,8.22
ORD-101649,2025-04-19,2025-04-25,East,Peterborough,Corporate,Online,P-003,2,0.1,204.06,9.1
ORD-101650,2024-04-24,2024-04-25,East,Norwich,Home Office,Retail Store,P-015,8,0.25,37.84,8.1
ORD-101651,2024-01-12,2024-01-15,North,Newcastle,Home Office,B2B Sales,P-015,7,0.25,26.99,4.59
ORD-101652,2025-02-15,2025-02-17,North,Newcastle,Small Business,B2B Sales,P-010,12,0.25,47.66,9.9
ORD-101653,2025-02-11,2025-02-16,West,Liverpool,Home Office,Online,P-008,2,0.25,266.47,7
ORD-101654,2025-06-26,2025-07-01,South,London,Small Business,Retail Store,P-005,2,0,112.05,4.2
ORD-101655,2024-06-27,2024-06-30,West,Birmingham,Home Office,B2B Sales,P-005,4,0.2,179.87,5.7
ORD-101656,2025-07-24,2025-07-26,North,Newcastle,Small Business,Retail Store,P-003,1,0.25,79.24,6.8
ORD-101657,2025-06-12,2025-06-14,East,Cambridge,Corporate,Retail Store,P-010,13,0.05,77.51,6.21
ORD-101658,2025-11-17,2025-11-23,North,Newcastle,Corporate,Retail Store,P-008,1,0.05,255.67,5.75
ORD-101659,2025-11-03,2025-11-04,West,Birmingham,Small Business,B2B Sales,P-007,3,0,220.11,8.25
ORD-101660,2025-08-15,2025-08-17,East,Cambridge,Corporate,Online,P-008,4,0.25,546.99,5.7
ORD-101661,2024-09-10,2024-09-12,East,Peterborough,Corporate,B2B Sales,P-010,5,0.25,24.76,6.75
ORD-101662,2024-02-20,2024-02-26,West,Liverpool,Small Business,B2B Sales,P-005,2,0,90.25,7
ORD-101663,2024-07-02,2024-07-03,East,Peterborough,Corporate,Online,P-005,4,0.15,152.12,9.5
ORD-101664,2025-05-10,2025-05-13,West,Liverpool,Small Business,B2B Sales,P-011,5,0.05,67.96,4.05
ORD-101665,2025-05-17,2025-05-23,West,Liverpool,Corporate,Online,P-002,1,0.1,183.16,4.08
ORD-101666,2025-12-01,2025-12-03,West,Liverpool,Home Office,Online,P-013,8,0,131.04,8.1
ORD-101667,2024-12-02,2024-12-03,West,Cardiff,Small Business,Online,P-001,1,0.2,329.46,4.08
ORD-101668,2025-05-21,2025-05-27,South,Bristol,Corporate,Retail Store,P-014,5,0,140.23,4.05
ORD-101669,2025-12-12,2025-12-15,North,Manchester,Home Office,Retail Store,P-010,5,0,43.24,4.05
ORD-101670,2024-02-29,2024-03-04,South,Bristol,Small Business,Retail Store,P-005,4,0,192.56,5.7
ORD-101671,2025-12-02,2025-12-03,East,Norwich,Small Business,B2B Sales,P-011,6,0,122.26,7.2
ORD-101672,2025-05-09,2025-05-11,North,Leeds,Small Business,Retail Store,P-015,12,0,73.36,9.9
ORD-101673,2025-03-21,2025-03-24,North,Newcastle,Corporate,Online,P-004,1,0.15,85.06,4.08
ORD-101674,2024-03-22,2024-03-26,West,Birmingham,Small Business,Retail Store,P-008,3,0,532.93,8.25
ORD-101675,2025-09-05,2025-09-07,North,Leeds,Corporate,B2B Sales,P-012,7,0,61.53,7.65
ORD-101676,2024-10-19,2024-10-24,South,Brighton,Small Business,B2B Sales,P-013,14,0,204.6,10.8
ORD-101677,2024-01-23,2024-01-25,West,Liverpool,Small Business,Retail Store,P-010,20,0,101.61,8.1
ORD-101678,2025-02-10,2025-02-13,North,Manchester,Corporate,B2B Sales,P-004,2,0,186.3,5.46
ORD-101679,2025-11-07,2025-11-10,West,Cardiff,Small Business,Retail Store,P-013,9,0.1,125.51,5.13
ORD-101680,2025-06-19,2025-06-23,North,Newcastle,Home Office,B2B Sales,P-001,3,0.2,722.85,11.4
ORD-101681,2024-05-04,2024-05-06,East,Peterborough,Home Office,Online,P-012,11,0.05,92.96,5.67
ORD-101682,2024-09-15,2024-09-20,North,Newcastle,Home Office,B2B Sales,P-010,11,0,69.44,5.67
ORD-101683,2024-02-29,2024-03-01,North,Leeds,Home Office,Online,P-012,20,0,157.64,8.1
ORD-101684,2024-11-29,2024-12-01,North,Newcastle,Corporate,Retail Store,P-003,3,0,479.3,6.84
ORD-101685,2025-11-13,2025-11-17,West,Cardiff,Corporate,Retail Store,P-007,2,0.25,115.51,7
ORD-101686,2024-07-15,2024-07-17,West,Liverpool,Home Office,B2B Sales,P-005,1,0,49.9,5.75
ORD-101687,2025-01-04,2025-01-09,North,Newcastle,Corporate,Online,P-009,1,0,115.14,5.75
ORD-101688,2024-05-03,2024-05-08,West,Birmingham,Corporate,Online,P-002,4,0,827.8,13.7
ORD-101689,2024-02-06,2024-02-11,West,Cardiff,Small Business,Online,P-006,4,0,387.47,9.5
ORD-101690,2024-07-30,2024-07-31,West,Cardiff,Corporate,Online,P-004,4,0.25,309.33,8.22
ORD-101691,2024-11-23,2024-11-27,North,Manchester,Home Office,Online,P-002,2,0,563.93,9.1
ORD-101692,2025-02-21,2025-02-27,East,Cambridge,Corporate,Online,P-007,3,0.15,136.48,8.25
ORD-101693,2024-02-19,2024-02-22,South,Brighton,Small Business,Retail Store,P-012,4,0.25,21.24,6.3
ORD-101694,2025-11-12,2025-11-15,West,Cardiff,Small Business,B2B Sales,P-010,12,0.25,77.34,5.94
ORD-101695,2024-08-26,2024-09-01,North,Newcastle,Corporate,B2B Sales,P-011,12,0.05,165.42,9.9
ORD-101696,2024-01-07,2024-01-11,North,Newcastle,Corporate,Online,P-006,4,0.05,386.73,9.5
ORD-101697,2024-03-05,2024-03-07,South,Brighton,Corporate,B2B Sales,P-002,2,0.15,310.36,9.1
ORD-101698,2024-04-20,2024-04-22,North,Newcastle,Small Business,Online,P-006,3,0,337.75,4.95
ORD-101699,2024-06-11,2024-06-17,West,Liverpool,Home Office,Online,P-015,4,0.25,18.2,6.3
ORD-101700,2025-02-08,2025-02-10,North,Manchester,Small Business,B2B Sales,P-011,10,0,130.68,5.4
ORD-101701,2025-08-14,2025-08-16,South,London,Corporate,B2B Sales,P-005,4,0,185.41,9.5
ORD-101702,2025-09-16,2025-09-18,West,Liverpool,Home Office,Online,P-003,4,0.15,431.49,13.7
ORD-101703,2024-07-17,2024-07-23,North,Newcastle,Home Office,Online,P-014,7,0,172.59,7.65
ORD-101704,2025-07-11,2025-07-17,North,Manchester,Small Business,Retail Store,P-013,9,0,102.31,5.13
ORD-101705,2025-02-13,2025-02-18,South,Bristol,Small Business,B2B Sales,P-015,7,0,39.77,4.59
ORD-101706,2024-05-31,2024-06-01,North,Newcastle,Home Office,B2B Sales,P-009,1,0,132.48,3.45
ORD-101707,2025-07-08,2025-07-14,North,Newcastle,Corporate,Retail Store,P-010,13,0,75.31,10.35
ORD-101708,2024-07-24,2024-07-25,South,Brighton,Small Business,Online,P-015,14,0.2,64.36,6.48
ORD-101709,2024-11-03,2024-11-06,North,Newcastle,Home Office,Online,P-009,3,0,505.49,8.25
ORD-101710,2024-02-16,2024-02-17,East,Norwich,Corporate,B2B Sales,P-005,1,0.25,36.85,3.45
ORD-101711,2024-05-21,2024-05-23,South,Bristol,Corporate,Retail Store,P-007,3,0.2,130.24,4.95
ORD-101712,2025-10-31,2025-11-01,South,Brighton,Corporate,Online,P-012,10,0,99.66,9
ORD-101713,2024-02-19,2024-02-25,West,Cardiff,Small Business,Retail Store,P-014,12,0,316.56,9.9
ORD-101714,2025-11-09,2025-11-10,West,Cardiff,Home Office,B2B Sales,P-013,12,0,187.67,9.9
ORD-101715,2024-12-15,2024-12-21,West,Cardiff,Small Business,B2B Sales,P-005,3,0,231.6,4.95
ORD-101716,2025-04-24,2025-04-29,North,Manchester,Home Office,B2B Sales,P-012,9,0.15,64.91,5.13
ORD-101717,2024-12-30,2025-01-02,West,Cardiff,Home Office,Online,P-012,20,0,233.91,8.1
ORD-101718,2024-01-11,2024-01-15,South,Bristol,Corporate,Retail Store,P-004,3,0,290.23,6.84
ORD-101719,2024-10-01,2024-10-04,East,Norwich,Home Office,Retail Store,P-013,12,0.05,152.09,9.9
ORD-101720,2024-09-13,2024-09-17,West,Liverpool,Corporate,Online,P-001,1,0,314.68,6.8
ORD-101721,2024-08-11,2024-08-13,North,Manchester,Small Business,Retail Store,P-008,3,0,566.7,4.95
ORD-101722,2025-11-26,2025-12-01,North,Manchester,Small Business,Online,P-010,11,0.25,69.73,5.67
ORD-101723,2024-07-06,2024-07-11,East,Norwich,Home Office,Retail Store,P-014,10,0,265.04,5.4
ORD-101724,2025-08-22,2025-08-27,West,Liverpool,Home Office,Retail Store,P-013,25,0,272.46,15.75
ORD-101725,2024-06-22,2024-06-25,East,Norwich,Home Office,B2B Sales,P-012,3,0,26.52,3.51
ORD-101726,2025-05-06,2025-05-09,West,Birmingham,Home Office,Online,P-002,1,0,202.23,4.08
ORD-101727,2025-03-07,2025-03-13,West,Birmingham,Home Office,B2B Sales,P-005,2,0,92.79,4.2
ORD-101728,2024-03-16,2024-03-18,West,Birmingham,Small Business,Retail Store,P-005,4,0,203.94,5.7
ORD-101729,2024-08-02,2024-08-08,West,Liverpool,Corporate,Retail Store,P-006,4,0.1,379.5,9.5
ORD-101730,2025-09-09,2025-09-12,North,Manchester,Home Office,Online,P-012,8,0.05,64.42,8.1
ORD-101731,2025-01-20,2025-01-23,South,Brighton,Small Business,Online,P-011,9,0.2,98.08,5.13
ORD-101732,2024-12-28,2024-12-31,East,Norwich,Home Office,Online,P-010,23,0.2,167.84,14.85
ORD-101733,2024-06-29,2024-07-05,East,Peterborough,Small Business,Retail Store,P-001,1,0.15,245.21,4.08
ORD-101734,2024-09-03,2024-09-06,East,Norwich,Small Business,Online,P-004,2,0,221.63,5.46
ORD-101735,2025-05-14,2025-05-17,South,London,Small Business,Online,P-013,11,0,137.22,5.67
ORD-101736,2024-10-27,2024-10-29,East,Norwich,Home Office,B2B Sales,P-009,3,0.15,388.55,4.95
ORD-101737,2024-12-03,2024-12-07,East,Peterborough,Home Office,B2B Sales,P-009,4,0.1,647.21,5.7
ORD-101738,2025-01-15,2025-01-21,South,London,Small Business,B2B Sales,P-005,3,0.1,129.77,8.25
ORD-101739,2025-05-31,2025-06-05,West,Liverpool,Corporate,Retail Store,P-013,11,0.25,107.33,5.67
ORD-101740,2024-05-13,2024-05-18,North,Leeds,Corporate,B2B Sales,P-009,4,0,511.44,5.7
ORD-101741,2025-11-13,2025-11-17,West,Birmingham,Small Business,B2B Sales,P-014,7,0,249.13,4.59
ORD-101742,2024-02-08,2024-02-11,South,Brighton,Corporate,Retail Store,P-003,3,0.2,235.36,11.4
ORD-101743,2025-10-14,2025-10-18,North,Newcastle,Corporate,Online,P-014,12,0.2,300.48,9.9
ORD-101744,2025-11-06,2025-11-07,East,Norwich,Corporate,B2B Sales,P-010,5,0.15,35.65,4.05
ORD-101745,2024-05-04,2024-05-07,South,Brighton,Home Office,Online,P-015,6,0.1,34.86,7.2
ORD-101746,2024-08-23,2024-08-28,North,Leeds,Small Business,Online,P-014,14,0,350.97,10.8
ORD-101747,2025-11-29,2025-12-02,East,Peterborough,Corporate,Retail Store,P-001,3,0.25,854.49,6.84
ORD-101748,2024-02-27,2024-02-28,South,London,Home Office,B2B Sales,P-011,16,0.2,179.97,11.7
ORD-101749,2025-02-20,2025-02-24,South,London,Home Office,Retail Store,P-011,12,0.05,160.66,9.9
ORD-101750,2025-07-09,2025-07-10,North,Manchester,Home Office,Retail Store,P-011,14,0,182.66,6.48
ORD-101751,2024-08-11,2024-08-12,West,Birmingham,Home Office,Online,P-007,2,0.05,97.96,4.2
ORD-101752,2024-02-10,2024-02-12,West,Birmingham,Home Office,Retail Store,P-011,13,0.1,159.04,10.35
ORD-101753,2025-01-05,2025-01-07,West,Liverpool,Small Business,Online,P-010,20,0.15,93.28,13.5
ORD-101754,2024-01-21,2024-01-22,South,Brighton,Corporate,B2B Sales,P-003,5,0.2,379.67,9.6
ORD-101755,2025-11-07,2025-11-13,East,Peterborough,Corporate,Retail Store,P-011,6,0.25,87.95,7.2
ORD-101756,2024-12-11,2024-12-16,East,Norwich,Corporate,Retail Store,P-011,12,0,263.71,5.94
ORD-101757,2025-12-01,2025-12-03,West,Liverpool,Home Office,Online,P-007,1,0,80.29,5.75
ORD-101758,2025-10-21,2025-10-23,West,Birmingham,Corporate,Retail Store,P-001,3,0,978.09,6.84
ORD-101759,2024-09-15,2024-09-17,West,Birmingham,Small Business,Online,P-010,10,0,61.58,9
ORD-101760,2025-06-27,2025-06-30,South,Bristol,Home Office,Online,P-014,12,0.2,271.77,9.9
ORD-101761,2025-11-07,2025-11-11,South,Brighton,Small Business,Online,P-014,9,0,328.4,5.13
ORD-101762,2024-09-14,2024-09-20,East,Peterborough,Small Business,Online,P-003,1,0.15,106.01,4.08
ORD-101763,2024-06-30,2024-07-04,North,Leeds,Small Business,B2B Sales,P-009,2,0.1,229.62,7
ORD-101764,2025-03-15,2025-03-21,East,Norwich,Small Business,B2B Sales,P-004,4,0,408.22,8.22
ORD-101765,2025-08-03,2025-08-04,East,Norwich,Home Office,Online,P-007,3,0,159.91,4.95
ORD-101766,2024-12-17,2024-12-19,South,London,Home Office,B2B Sales,P-001,2,0.1,717.56,9.1
ORD-101767,2024-01-29,2024-02-01,East,Peterborough,Corporate,Online,P-009,4,0,415.52,9.5
ORD-101768,2024-12-02,2024-12-05,West,Cardiff,Corporate,B2B Sales,P-015,12,0,110.82,9.9
ORD-101769,2024-08-12,2024-08-16,East,Peterborough,Small Business,Online,P-001,1,0.1,248.32,6.8
ORD-101770,2025-11-10,2025-11-15,West,Liverpool,Small Business,B2B Sales,P-004,2,0,282.39,5.46
ORD-101771,2025-09-23,2025-09-25,South,London,Corporate,Retail Store,P-003,2,0,249.29,9.1
ORD-101772,2025-11-27,2025-12-03,West,Liverpool,Small Business,Online,P-012,12,0,131.41,9.9
ORD-101773,2024-11-27,2024-11-29,South,Bristol,Home Office,B2B Sales,P-013,3,0,47.15,5.85
ORD-101774,2024-09-08,2024-09-09,West,Cardiff,Small Business,Online,P-012,8,0.25,53.34,8.1
ORD-101775,2024-07-29,2024-08-03,North,Leeds,Corporate,Retail Store,P-011,5,0,68.37,4.05
ORD-101776,2024-06-23,2024-06-28,West,Cardiff,Home Office,B2B Sales,P-014,6,0.1,162.13,4.32
ORD-101777,2025-08-05,2025-08-07,South,London,Home Office,Online,P-013,5,0,55.54,4.05
ORD-101778,2024-11-29,2024-12-02,West,Birmingham,Corporate,Online,P-009,1,0.05,167.4,5.75
ORD-101779,2025-11-12,2025-11-15,North,Newcastle,Corporate,Retail Store,P-009,3,0.15,409.61,4.95
ORD-101780,2025-07-12,2025-07-16,South,London,Small Business,B2B Sales,P-009,2,0.05,207.51,7
ORD-101781,2025-04-17,2025-04-23,North,Manchester,Corporate,Online,P-011,8,0.05,110.76,4.86
ORD-101782,2025-01-20,2025-01-21,South,Brighton,Small Business,Retail Store,P-009,4,0,449.69,5.7
ORD-101783,2024-04-11,2024-04-16,East,Norwich,Corporate,B2B Sales,P-001,4,0.15,924.9,13.7
ORD-101784,2025-05-30,2025-06-05,South,Brighton,Home Office,Online,P-009,4,0.05,508.53,5.7
ORD-101785,2025-12-13,2025-12-15,East,Norwich,Home Office,Online,P-010,14,0,113.94,6.48
ORD-101786,2024-02-29,2024-03-02,North,Manchester,Corporate,Retail Store,P-005,5,0.1,204.83,10.75
ORD-101787,2024-07-20,2024-07-26,North,Newcastle,Small Business,Retail Store,P-008,4,0,679.78,9.5
ORD-101788,2025-03-09,2025-03-14,South,Brighton,Home Office,Online,P-006,2,0,217.19,7
ORD-101789,2025-03-26,2025-04-01,North,Leeds,Corporate,Retail Store,P-004,3,0.05,286.15,6.84
ORD-101790,2025-07-26,2025-07-30,South,London,Small Business,B2B Sales,P-008,3,0,506.76,8.25
ORD-101791,2024-09-08,2024-09-10,North,Manchester,Home Office,Online,P-006,2,0.25,190.49,7
ORD-101792,2025-08-16,2025-08-19,South,London,Corporate,Online,P-014,7,0.15,158.41,4.59
ORD-101793,2024-02-21,2024-02-26,South,Brighton,Home Office,Online,P-013,10,0.2,82.57,9
ORD-101794,2024-08-02,2024-08-03,West,Birmingham,Home Office,B2B Sales,P-011,23,0,335.15,14.85
ORD-101795,2024-06-02,2024-06-03,East,Cambridge,Small Business,Online,P-009,2,0,263.15,7
ORD-101796,2025-12-29,2025-12-31,West,Birmingham,Small Business,Online,P-015,5,0,44.81,6.75
ORD-101797,2025-05-29,2025-05-31,South,Brighton,Small Business,B2B Sales,P-010,4,0.15,19.71,6.3
ORD-101798,2024-06-01,2024-06-05,West,Birmingham,Corporate,B2B Sales,P-004,2,0,232.41,5.46
ORD-101799,2025-07-27,2025-07-29,South,Brighton,Home Office,Retail Store,P-007,2,0.1,98.38,4.2
ORD-101800,2024-11-26,2024-12-01,North,Newcastle,Corporate,Online,P-013,9,0.25,105.21,8.55
ORD-101801,2024-05-20,2024-05-25,North,Leeds,Home Office,Online,P-002,4,0,807.81,13.7
ORD-101802,2024-10-18,2024-10-23,East,Peterborough,Small Business,Online,P-004,4,0.1,452.44,8.22
ORD-101803,2024-04-25,2024-04-30,East,Cambridge,Home Office,Online,P-009,7,0,844.58,7.95
ORD-101804,2025-10-01,2025-10-06,South,Bristol,Small Business,Retail Store,P-007,7,0,441.5,7.95
ORD-101805,2025-11-27,2025-11-29,South,London,Small Business,B2B Sales,P-006,4,0.05,551.03,9.5
ORD-101806,2025-05-30,2025-05-31,East,Peterborough,Home Office,Online,P-007,1,0.15,49.11,5.75
ORD-101807,2024-01-17,2024-01-20,South,Bristol,Corporate,B2B Sales,P-005,5,0.25,180.23,10.75
ORD-101808,2024-05-25,2024-05-30,South,Brighton,Small Business,Retail Store,P-007,3,0.15,140.75,4.95
ORD-101809,2025-02-14,2025-02-16,North,Newcastle,Corporate,Online,P-003,5,0,503.31,9.6
ORD-101810,2025-02-25,2025-02-28,West,Liverpool,Corporate,Online,P-008,4,0,664.82,9.5
ORD-101811,2024-03-28,2024-03-30,North,Newcastle,Corporate,Online,P-008,7,0,1221.39,13.25
ORD-101812,2025-06-29,2025-07-03,North,Newcastle,Corporate,Retail Store,P-002,4,0.25,670.98,13.7
ORD-101813,2025-08-27,2025-09-02,West,Birmingham,Home Office,Retail Store,P-003,1,0,101.48,4.08
ORD-101814,2025-02-21,2025-02-22,North,Newcastle,Small Business,Retail Store,P-011,10,0.25,104.31,5.4
ORD-101815,2024-08-27,2024-08-28,West,Birmingham,Corporate,Online,P-014,4,0,106.96,3.78
ORD-101816,2025-06-21,2025-06-25,West,Cardiff,Home Office,Online,P-008,4,0,837.03,5.7
ORD-101817,2025-06-01,2025-06-07,South,Brighton,Home Office,B2B Sales,P-012,14,0.05,110.64,10.8
ORD-101818,2025-08-18,2025-08-21,North,Manchester,Home Office,B2B Sales,P-005,2,0,94.14,4.2
ORD-101819,2025-05-09,2025-05-15,East,Peterborough,Corporate,Retail Store,P-009,2,0,262.54,4.2
ORD-101820,2024-12-15,2024-12-18,North,Leeds,Small Business,Online,P-011,14,0,285.92,10.8
ORD-101821,2025-03-17,2025-03-22,West,Liverpool,Corporate,B2B Sales,P-007,2,0.2,80.12,4.2
ORD-101822,2024-08-12,2024-08-13,South,Brighton,Home Office,B2B Sales,P-005,2,0.25,76.45,4.2
ORD-101823,2024-07-01,2024-07-05,East,Cambridge,Small Business,Online,P-008,3,0.1,478.83,8.25
ORD-101824,2025-03-10,2025-03-16,North,Newcastle,Corporate,Retail Store,P-013,6,0.15,56.18,7.2
ORD-101825,2025-05-27,2025-05-28,South,Brighton,Small Business,B2B Sales,P-010,14,0.2,69.97,10.8
ORD-101826,2025-06-06,2025-06-12,West,Cardiff,Small Business,Online,P-014,22,0,663.78,8.64
ORD-101827,2025-10-27,2025-10-31,North,Manchester,Home Office,B2B Sales,P-003,1,0,134.28,6.8
ORD-101828,2024-08-26,2024-08-31,South,London,Corporate,B2B Sales,P-014,5,0.1,123.07,4.05
ORD-101829,2025-04-11,2025-04-15,East,Cambridge,Home Office,Retail Store,P-012,10,0.25,61.66,9
ORD-101830,2024-02-18,2024-02-22,South,London,Small Business,Retail Store,P-001,2,0,543.52,5.46
ORD-101831,2024-05-20,2024-05-25,South,Brighton,Corporate,B2B Sales,P-005,2,0,106.32,4.2
ORD-101832,2024-06-04,2024-06-05,North,Manchester,Home Office,Retail Store,P-002,2,0.15,366.82,5.46
ORD-101833,2024-05-03,2024-05-06,North,Manchester,Home Office,B2B Sales,P-007,1,0,56.02,3.45
ORD-101834,2024-02-09,2024-02-13,West,Cardiff,Corporate,Retail Store,P-007,3,0,160.47,4.95
ORD-101835,2025-09-20,2025-09-23,West,Liverpool,Home Office,Online,P-014,13,0,404.02,10.35
ORD-101836,2024-07-04,2024-07-10,West,Liverpool,Small Business,B2B Sales,P-009,5,0.1,528.6,6.45
ORD-101837,2024-05-02,2024-05-03,East,Peterborough,Home Office,Retail Store,P-005,3,0,153.53,4.95
ORD-101838,2025-04-03,2025-04-07,North,Leeds,Corporate,Retail Store,P-005,4,0.15,181.83,5.7
ORD-101839,2024-05-06,2024-05-12,East,Cambridge,Home Office,Online,P-001,2,0,549.07,9.1
ORD-101840,2024-05-28,2024-05-31,South,London,Home Office,Online,P-008,4,0,806.43,5.7
ORD-101841,2025-09-15,2025-09-19,West,Liverpool,Small Business,Retail Store,P-014,14,0,419.74,6.48
ORD-101842,2025-10-24,2025-10-26,North,Newcastle,Small Business,Retail Store,P-004,3,0,358.07,11.4
ORD-101843,2025-04-22,2025-04-26,East,Peterborough,Home Office,Online,P-015,10,0.2,50.51,9
ORD-101844,2024-07-27,2024-07-29,East,Norwich,Small Business,Online,P-009,7,0,849.23,13.25
ORD-101845,2025-05-23,2025-05-26,West,Cardiff,Corporate,Retail Store,P-005,3,0,151.84,4.95
ORD-101846,2025-01-18,2025-01-22,East,Peterborough,Small Business,B2B Sales,P-001,2,0.15,410.16,9.1
ORD-101847,2024-11-03,2024-11-07,South,Brighton,Small Business,Retail Store,P-002,2,0.2,425.16,5.46
ORD-101848,2025-01-08,2025-01-14,South,London,Home Office,Retail Store,P-014,9,0,215.3,5.13
ORD-101849,2025-08-05,2025-08-06,East,Peterborough,Home Office,Online,P-014,8,0,210.35,8.1
ORD-101850,2024-08-16,2024-08-22,North,Manchester,Small Business,Online,P-007,3,0.1,140.27,4.95
ORD-101851,2024-05-11,2024-05-15,South,Brighton,Small Business,Online,P-005,3,0,156.17,8.25
ORD-101852,2025-05-11,2025-05-13,West,Cardiff,Home Office,B2B Sales,P-004,4,0,443.73,13.7
ORD-101853,2024-02-21,2024-02-23,West,Cardiff,Home Office,Retail Store,P-009,2,0.1,194.97,7
ORD-101854,2025-06-23,2025-06-26,East,Peterborough,Home Office,Online,P-015,6,0,37.56,7.2
ORD-101855,2025-03-16,2025-03-21,South,Bristol,Home Office,B2B Sales,P-002,2,0,406.27,9.1
ORD-101856,2024-02-19,2024-02-20,South,Bristol,Small Business,Online,P-003,3,0.1,273.97,6.84
ORD-101857,2025-04-19,2025-04-24,South,London,Corporate,B2B Sales,P-004,4,0,417.75,8.22
ORD-101858,2025-03-15,2025-03-20,North,Newcastle,Corporate,Retail Store,P-015,4,0.05,22.76,3.78
ORD-101859,2024-03-12,2024-03-17,North,Newcastle,Corporate,Online,P-005,2,0,96.4,7
ORD-101860,2024-05-13,2024-05-15,North,Newcastle,Home Office,Retail Store,P-009,4,0,516.57,5.7
ORD-101861,2025-08-11,2025-08-14,South,Bristol,Home Office,B2B Sales,P-008,4,0,735.06,5.7
ORD-101862,2025-11-11,2025-11-16,West,Birmingham,Small Business,B2B Sales,P-013,7,0,121.73,7.65
ORD-101863,2024-04-03,2024-04-04,East,Peterborough,Corporate,Online,P-006,2,0,220.44,4.2
ORD-101864,2024-05-05,2024-05-10,East,Cambridge,Corporate,B2B Sales,P-010,13,0.15,68.01,6.21
ORD-101865,2024-05-02,2024-05-08,South,Bristol,Small Business,B2B Sales,P-009,4,0,529.56,5.7
ORD-101866,2025-11-06,2025-11-07,West,Liverpool,Home Office,B2B Sales,P-006,7,0.2,817.76,13.25
ORD-101867,2024-02-03,2024-02-04,East,Peterborough,Corporate,B2B Sales,P-004,3,0,284.95,11.4
ORD-101868,2024-01-03,2024-01-07,South,Brighton,Small Business,Online,P-014,8,0,191.66,4.86
ORD-101869,2024-07-16,2024-07-18,East,Norwich,Home Office,B2B Sales,P-004,2,0.2,159.24,9.1
ORD-101870,2025-06-16,2025-06-21,West,Liverpool,Small Business,Online,P-007,4,0,248.28,5.7
ORD-101871,2024-01-07,2024-01-12,North,Newcastle,Home Office,Retail Store,P-001,3,0.25,552.08,6.84
ORD-101872,2025-09-19,2025-09-21,West,Cardiff,Home Office,Online,P-012,14,0,117.98,10.8
ORD-101873,2024-11-27,2024-12-02,North,Leeds,Home Office,B2B Sales,P-013,14,0,223.8,10.8
ORD-101874,2024-05-28,2024-06-02,West,Cardiff,Small Business,B2B Sales,P-001,4,0,1179.87,13.7
ORD-101875,2025-01-25,2025-01-27,East,Cambridge,Home Office,Online,P-011,14,0.25,131.14,6.48
ORD-101876,2024-08-26,2024-08-29,South,London,Corporate,Retail Store,P-015,11,0.05,60.33,9.45
ORD-101877,2024-07-29,2024-08-02,East,Norwich,Corporate,Retail Store,P-013,13,0,148.59,6.21
ORD-101878,2024-05-24,2024-05-28,East,Norwich,Home Office,Online,P-006,5,0.2,461.2,6.45
ORD-101879,2025-06-13,2025-06-14,South,London,Corporate,B2B Sales,P-009,2,0.15,219.62,7
ORD-101880,2024-12-02,2024-12-07,East,Norwich,Small Business,Online,P-013,7,0,116.03,7.65
ORD-101881,2024-02-16,2024-02-19,West,Liverpool,Small Business,B2B Sales,P-010,13,0.05,63.94,10.35
ORD-101882,2025-09-02,2025-09-04,West,Liverpool,Home Office,Retail Store,P-009,2,0,271.84,7
ORD-101883,2025-11-23,2025-11-27,West,Birmingham,Small Business,Retail Store,P-010,4,0.15,28.13,6.3
ORD-101884,2024-05-28,2024-06-03,East,Peterborough,Home Office,B2B Sales,P-008,2,0.25,307.74,4.2
ORD-101885,2024-08-14,2024-08-17,West,Birmingham,Corporate,Online,P-014,10,0.2,222.14,9
ORD-101886,2025-09-05,2025-09-07,North,Manchester,Small Business,B2B Sales,P-003,2,0,243.41,5.46
ORD-101887,2024-05-30,2024-06-03,East,Norwich,Corporate,Online,P-001,5,0,1387.82,9.6
ORD-101888,2025-08-06,2025-08-08,North,Manchester,Small Business,B2B Sales,P-002,7,0.25,1027.42,20.6
ORD-101889,2024-08-08,2024-08-14,West,Cardiff,Corporate,Retail Store,P-007,2,0,101.85,4.2
ORD-101890,2025-11-30,2025-12-02,West,Liverpool,Home Office,B2B Sales,P-001,3,0,1124.7,6.84
ORD-101891,2024-04-29,2024-05-05,South,Bristol,Small Business,Online,P-007,7,0.05,371.51,7.95
ORD-101892,2025-01-09,2025-01-11,East,Peterborough,Corporate,B2B Sales,P-007,3,0.2,126.32,8.25
ORD-101893,2024-06-06,2024-06-07,North,Newcastle,Home Office,Online,P-003,3,0,348.85,11.4
ORD-101894,2024-02-28,2024-03-02,East,Norwich,Home Office,Online,P-014,9,0,215.96,5.13
ORD-101895,2024-02-21,2024-02-26,South,Bristol,Home Office,B2B Sales,P-005,3,0.25,103.4,8.25
ORD-101896,2025-07-31,2025-08-01,North,Leeds,Small Business,Retail Store,P-007,4,0,216.32,9.5
ORD-101897,2025-06-14,2025-06-18,West,Cardiff,Small Business,B2B Sales,P-003,1,0.05,112.09,6.8
ORD-101898,2024-03-16,2024-03-21,South,Bristol,Small Business,Retail Store,P-010,5,0.1,24.45,4.05
ORD-101899,2024-01-21,2024-01-26,West,Liverpool,Home Office,B2B Sales,P-005,3,0.2,109.06,4.95
ORD-101900,2024-07-21,2024-07-26,West,Cardiff,Corporate,Online,P-008,4,0,718.62,5.7
ORD-101901,2024-07-13,2024-07-17,East,Norwich,Home Office,Online,P-014,14,0.15,289.76,6.48
ORD-101902,2025-11-16,2025-11-17,East,Peterborough,Corporate,Online,P-004,1,0.15,128.27,4.08
ORD-101903,2024-03-16,2024-03-20,North,Newcastle,Home Office,B2B Sales,P-012,6,0,47.79,4.32
ORD-101904,2025-01-20,2025-01-25,South,London,Corporate,Retail Store,P-007,4,0,205.2,9.5
ORD-101905,2024-02-06,2024-02-08,South,Brighton,Home Office,Online,P-009,2,0.25,160.28,7
ORD-101906,2025-08-12,2025-08-14,West,Cardiff,Small Business,Retail Store,P-010,9,0.05,49.4,8.55
ORD-101907,2025-12-27,2025-12-30,South,London,Corporate,Retail Store,P-006,1,0.25,120.88,5.75
ORD-101908,2025-11-26,2025-11-30,West,Birmingham,Corporate,Retail Store,P-005,3,0.05,189.35,8.25
ORD-101909,2025-07-14,2025-07-15,South,Brighton,Home Office,Retail Store,P-009,2,0.05,216.24,4.2
ORD-101910,2025-12-01,2025-12-04,East,Norwich,Home Office,Online,P-005,1,0.1,69.6,5.75
ORD-101911,2025-09-04,2025-09-05,North,Newcastle,Corporate,B2B Sales,P-003,7,0.15,709.93,20.6
ORD-101912,2024-04-04,2024-04-09,South,London,Corporate,Retail Store,P-015,14,0,80.29,10.8
ORD-101913,2025-04-30,2025-05-05,East,Norwich,Home Office,Online,P-011,10,0,148.45,5.4
ORD-101914,2025-02-26,2025-02-28,North,Newcastle,Small Business,Retail Store,P-006,1,0.1,87.45,5.75
ORD-101915,2024-08-03,2024-08-04,North,Manchester,Small Business,B2B Sales,P-015,10,0,61.31,5.4
ORD-101916,2024-05-23,2024-05-26,East,Peterborough,Small Business,Online,P-002,3,0,600.98,6.84
ORD-101917,2024-10-02,2024-10-04,North,Leeds,Home Office,Retail Store,P-008,3,0,650.86,4.95
ORD-101918,2025-11-25,2025-11-30,North,Newcastle,Corporate,Online,P-010,11,0,91.73,5.67
ORD-101919,2024-01-20,2024-01-26,South,Brighton,Small Business,Retail Store,P-010,11,0,61.12,5.67
ORD-101920,2025-01-21,2025-01-22,South,Brighton,Corporate,B2B Sales,P-009,2,0,212.29,4.2
ORD-101921,2025-09-05,2025-09-08,West,Birmingham,Home Office,Retail Store,P-013,7,0.25,72.9,4.59
ORD-101922,2024-04-27,2024-05-01,East,Peterborough,Home Office,Retail Store,P-002,2,0.1,345.97,5.46
ORD-101923,2025-10-05,2025-10-06,North,Leeds,Small Business,Online,P-003,2,0,270.19,5.46
ORD-101924,2025-10-08,2025-10-11,North,Leeds,Small Business,B2B Sales,P-011,13,0.1,198.91,6.21
ORD-101925,2024-02-12,2024-02-17,South,London,Corporate,Retail Store,P-007,3,0.1,132.82,4.95
ORD-101926,2024-06-20,2024-06-26,East,Peterborough,Small Business,Retail Store,P-004,5,0.25,397.26,9.6
ORD-101927,2025-05-21,2025-05-24,North,Leeds,Small Business,B2B Sales,P-009,1,0.05,119.12,3.45
ORD-101928,2024-02-18,2024-02-19,East,Cambridge,Home Office,Retail Store,P-011,8,0,105.41,8.1
ORD-101929,2025-12-11,2025-12-15,North,Newcastle,Corporate,Retail Store,P-009,2,0,359.04,7
ORD-101930,2024-05-18,2024-05-21,East,Peterborough,Corporate,Online,P-015,11,0,72.65,5.67
ORD-101931,2025-12-02,2025-12-03,East,Cambridge,Corporate,Online,P-012,5,0,59.2,6.75
ORD-101932,2024-08-15,2024-08-19,East,Cambridge,Small Business,Retail Store,P-013,25,0,272.11,9.45
ORD-101933,2025-01-03,2025-01-09,South,Bristol,Corporate,Online,P-010,6,0.2,25.87,7.2
ORD-101934,2024-01-20,2024-01-23,West,Cardiff,Corporate,B2B Sales,P-001,4,0.1,866.39,8.22
ORD-101935,2025-02-02,2025-02-04,East,Norwich,Small Business,Online,P-015,20,0,108.68,8.1
ORD-101936,2024-11-28,2024-12-02,West,Liverpool,Corporate,Online,P-007,3,0.05,217.96,8.25
ORD-101937,2024-12-09,2024-12-12,East,Norwich,Small Business,Retail Store,P-008,4,0,1051.63,5.7
ORD-101938,2024-09-24,2024-09-26,North,Manchester,Corporate,Retail Store,P-001,3,0.25,680.34,6.84
ORD-101939,2024-01-19,2024-01-23,North,Leeds,Corporate,Retail Store,P-011,13,0,175.1,10.35
ORD-101940,2025-11-09,2025-11-12,South,London,Home Office,Online,P-012,12,0.2,110.11,5.94
ORD-101941,2025-09-26,2025-09-28,North,Newcastle,Home Office,B2B Sales,P-010,8,0.1,47.08,4.86
ORD-101942,2024-08-31,2024-09-03,West,Cardiff,Corporate,B2B Sales,P-005,1,0.2,40.54,5.75
ORD-101943,2025-05-17,2025-05-22,South,Brighton,Small Business,Online,P-008,2,0,413.04,4.2
ORD-101944,2024-11-25,2024-11-28,East,Cambridge,Small Business,B2B Sales,P-012,13,0,142.02,10.35
ORD-101945,2024-02-19,2024-02-20,South,Bristol,Corporate,Online,P-010,9,0.05,48.01,8.55
ORD-101946,2025-05-28,2025-06-02,East,Norwich,Home Office,Online,P-015,7,0.1,39.37,4.59
ORD-101947,2025-10-23,2025-10-26,West,Liverpool,Corporate,B2B Sales,P-015,18,0,134.76,12.6
ORD-101948,2025-07-29,2025-08-04,South,Brighton,Corporate,Retail Store,P-001,3,0,778.07,6.84
ORD-101949,2025-06-24,2025-06-25,East,Norwich,Corporate,Retail Store,P-006,1,0,111.99,3.45
ORD-101950,2024-07-10,2024-07-13,East,Norwich,Home Office,Online,P-011,10,0,134.88,9
ORD-101951,2025-11-19,2025-11-24,West,Liverpool,Small Business,Online,P-014,11,0.1,384.03,9.45
ORD-101952,2025-01-30,2025-02-01,South,Brighton,Home Office,B2B Sales,P-015,9,0,50.58,5.13
ORD-101953,2025-11-06,2025-11-10,East,Cambridge,Corporate,Retail Store,P-014,9,0,346.78,8.55
ORD-101954,2024-11-15,2024-11-17,West,Cardiff,Corporate,B2B Sales,P-003,4,0.2,505.27,13.7
ORD-101955,2024-07-24,2024-07-30,South,London,Small Business,B2B Sales,P-002,2,0.2,300.04,5.46
ORD-101956,2024-08-21,2024-08-23,East,Peterborough,Corporate,B2B Sales,P-013,11,0,126.11,5.67
ORD-101957,2024-01-15,2024-01-20,South,London,Small Business,Online,P-004,4,0,384.84,13.7
ORD-101958,2025-11-16,2025-11-22,North,Newcastle,Small Business,Retail Store,P-002,1,0,279.82,6.8
ORD-101959,2025-01-07,2025-01-09,West,Liverpool,Corporate,Retail Store,P-003,3,0.25,215.51,6.84
ORD-101960,2025-01-15,2025-01-20,West,Birmingham,Small Business,Retail Store,P-010,10,0,54.42,9
ORD-101961,2025-07-28,2025-07-29,North,Newcastle,Small Business,B2B Sales,P-010,7,0,39.72,4.59
ORD-101962,2024-05-11,2024-05-12,West,Birmingham,Small Business,Online,P-002,1,0.1,180.67,4.08
ORD-101963,2025-06-22,2025-06-24,North,Leeds,Small Business,Online,P-008,1,0.25,157.09,5.75
ORD-101964,2025-04-25,2025-04-27,South,Bristol,Home Office,B2B Sales,P-002,4,0.05,735.96,8.22
ORD-101965,2025-08-10,2025-08-16,East,Norwich,Corporate,Retail Store,P-014,11,0,280.27,5.67
ORD-101966,2024-03-13,2024-03-18,West,Liverpool,Small Business,B2B Sales,P-011,14,0,205.71,10.8
ORD-101967,2025-07-26,2025-07-29,South,Bristol,Corporate,B2B Sales,P-006,3,0.05,278.36,4.95
ORD-101968,2024-10-17,2024-10-18,North,Leeds,Small Business,Online,P-009,7,0,1073.91,13.25
ORD-101969,2025-10-24,2025-10-29,West,Birmingham,Home Office,Retail Store,P-011,13,0,233.97,6.21
ORD-101970,2025-07-09,2025-07-13,West,Birmingham,Home Office,Online,P-008,2,0,336.37,4.2
ORD-101971,2024-04-23,2024-04-26,West,Liverpool,Home Office,Retail Store,P-002,2,0,421.78,5.46
ORD-101972,2025-07-22,2025-07-23,North,Newcastle,Home Office,Retail Store,P-014,12,0.2,233.29,9.9
ORD-101973,2025-08-30,2025-09-02,North,Leeds,Home Office,B2B Sales,P-002,3,0.25,416.16,6.84
ORD-101974,2025-04-19,2025-04-25,East,Cambridge,Corporate,B2B Sales,P-003,3,0,326.29,6.84
ORD-101975,2025-10-17,2025-10-21,East,Cambridge,Small Business,B2B Sales,P-013,11,0,147.01,9.45
ORD-101976,2025-06-22,2025-06-24,West,Cardiff,Corporate,B2B Sales,P-011,7,0.2,87.63,4.59
ORD-101977,2025-04-08,2025-04-14,South,London,Corporate,Online,P-009,5,0,579.17,6.45
ORD-101978,2025-04-16,2025-04-17,West,Cardiff,Small Business,Retail Store,P-008,1,0.1,177.93,3.45
ORD-101979,2025-04-28,2025-04-30,North,Leeds,Small Business,Online,P-009,2,0.2,192.41,4.2
ORD-101980,2024-09-09,2024-09-11,West,Cardiff,Corporate,Online,P-007,1,0,62.94,3.45
ORD-101981,2025-08-25,2025-08-30,South,Brighton,Small Business,B2B Sales,P-008,4,0,748.77,5.7
ORD-101982,2025-12-29,2026-01-01,North,Leeds,Corporate,Retail Store,P-011,12,0.25,199.2,5.94
ORD-101983,2025-12-27,2025-12-29,South,Bristol,Corporate,Online,P-012,7,0,79.85,7.65
ORD-101984,2024-06-01,2024-06-02,South,Bristol,Small Business,Online,P-008,3,0.15,481.85,4.95
ORD-101985,2024-10-11,2024-10-16,West,Birmingham,Home Office,Online,P-001,4,0.15,1072.16,8.22
ORD-101986,2024-01-21,2024-01-26,South,Bristol,Corporate,Retail Store,P-012,8,0.2,45.57,8.1
ORD-101987,2024-10-22,2024-10-27,East,Peterborough,Corporate,Online,P-014,4,0.05,127.49,3.78
ORD-101988,2025-04-22,2025-04-24,North,Leeds,Home Office,B2B Sales,P-003,3,0,340.76,11.4
ORD-101989,2025-08-26,2025-08-27,South,London,Small Business,Online,P-013,5,0.2,48.83,4.05
ORD-101990,2025-07-22,2025-07-24,East,Cambridge,Home Office,Retail Store,P-008,4,0,721.94,9.5
ORD-101991,2024-08-29,2024-09-02,West,Liverpool,Home Office,Retail Store,P-009,1,0,115.02,3.45
ORD-101992,2024-12-08,2024-12-09,East,Norwich,Corporate,Online,P-005,4,0.1,275.28,5.7
ORD-101993,2024-06-04,2024-06-09,East,Norwich,Small Business,B2B Sales,P-009,1,0,136.81,3.45
ORD-101994,2024-06-23,2024-06-28,West,Liverpool,Home Office,Retail Store,P-005,3,0,157.82,8.25
ORD-101995,2024-07-01,2024-07-04,South,Brighton,Home Office,Retail Store,P-005,1,0.25,36.98,5.75
ORD-101996,2024-07-02,2024-07-06,West,Cardiff,Home Office,B2B Sales,P-001,3,0,809.73,6.84
ORD-101997,2024-08-31,2024-09-04,South,Brighton,Home Office,B2B Sales,P-015,9,0.1,44.44,8.55
ORD-101998,2024-08-21,2024-08-24,East,Norwich,Corporate,B2B Sales,P-006,7,0.2,630.75,7.95
ORD-101999,2025-12-10,2025-12-13,North,Newcastle,Corporate,Retail Store,P-003,2,0,334.92,9.1
ORD-102000,2025-02-03,2025-02-09,North,Manchester,Home Office,Online,P-011,3,0.1,37.41,5.85
ORD-102001,2024-12-12,2024-12-17,North,Leeds,Home Office,Retail Store,P-004,3,0,468.96,6.84
ORD-102002,2025-01-11,2025-01-13,East,Norwich,Small Business,Retail Store,P-003,5,0.05,472.41,9.6
ORD-102003,2025-09-19,2025-09-24,North,Newcastle,Home Office,Retail Store,P-015,7,0,44.04,4.59
ORD-102004,2025-05-11,2025-05-15,South,Brighton,Corporate,B2B Sales,P-015,3,0,19.2,5.85
ORD-102005,2024-09-12,2024-09-13,South,London,Home Office,B2B Sales,P-007,2,0.05,121.07,7
ORD-102006,2025-09-09,2025-09-12,North,Manchester,Home Office,Retail Store,P-004,2,0,224.46,5.46
ORD-102007,2024-03-08,2024-03-13,East,Norwich,Small Business,Retail Store,P-007,4,0,213.07,5.7
ORD-102008,2024-08-25,2024-08-28,North,Leeds,Corporate,Online,P-003,1,0.15,91.01,4.08
ORD-102009,2025-08-07,2025-08-09,South,Brighton,Small Business,Retail Store,P-015,14,0,83.75,10.8
ORD-102010,2025-11-20,2025-11-23,South,Bristol,Home Office,Retail Store,P-005,4,0.2,219.02,5.7
ORD-102011,2025-02-17,2025-02-18,East,Cambridge,Small Business,B2B Sales,P-014,5,0.2,97.57,4.05
ORD-102012,2024-11-19,2024-11-25,South,Brighton,Corporate,Retail Store,P-014,12,0,454.38,9.9
ORD-102013,2025-08-05,2025-08-10,South,London,Home Office,Retail Store,P-005,5,0,247.64,6.45
ORD-102014,2024-12-30,2025-01-04,West,Liverpool,Small Business,B2B Sales,P-002,7,0.15,1804.35,20.6
ORD-102015,2024-11-06,2024-11-12,North,Manchester,Small Business,Online,P-002,2,0,535.14,9.1
ORD-102016,2024-12-17,2024-12-20,North,Newcastle,Corporate,B2B Sales,P-004,4,0,608,13.7
ORD-102017,2025-04-11,2025-04-14,South,London,Corporate,Retail Store,P-008,3,0.25,402.52,8.25
ORD-102018,2025-11-17,2025-11-18,South,Bristol,Home Office,Retail Store,P-013,11,0,172.86,5.67
ORD-102019,2025-05-29,2025-06-04,East,Peterborough,Small Business,Retail Store,P-002,3,0.1,548.83,6.84
ORD-102020,2025-06-07,2025-06-09,South,Bristol,Small Business,Online,P-010,11,0.25,49.17,9.45
ORD-102021,2025-12-07,2025-12-13,East,Peterborough,Small Business,B2B Sales,P-004,3,0.1,427.34,6.84
ORD-102022,2025-01-18,2025-01-19,East,Peterborough,Home Office,Retail Store,P-006,2,0.15,175.33,7
ORD-102023,2025-12-24,2025-12-28,South,London,Small Business,Retail Store,P-001,2,0,839.53,5.46
ORD-102024,2025-10-28,2025-11-03,East,Peterborough,Home Office,B2B Sales,P-006,5,0.2,511.12,6.45
ORD-102025,2024-09-15,2024-09-18,North,Manchester,Small Business,B2B Sales,P-012,12,0.25,79.88,5.94
ORD-102026,2025-12-15,2025-12-20,West,Cardiff,Home Office,Retail Store,P-008,1,0,276.39,3.45
ORD-102027,2024-07-21,2024-07-26,North,Newcastle,Small Business,Retail Store,P-006,4,0.25,325.41,5.7
ORD-102028,2025-07-19,2025-07-25,North,Manchester,Home Office,Online,P-007,4,0.2,162.39,5.7
ORD-102029,2025-10-11,2025-10-13,South,Brighton,Small Business,Retail Store,P-005,2,0.05,120.06,7
ORD-102030,2024-11-08,2024-11-14,North,Manchester,Home Office,Online,P-001,7,0,2598.19,20.6
ORD-102031,2024-09-01,2024-09-07,North,Manchester,Home Office,Retail Store,P-006,2,0,256.91,4.2
ORD-102032,2024-06-03,2024-06-08,North,Newcastle,Corporate,Retail Store,P-002,3,0,662.98,6.84
ORD-102033,2024-01-04,2024-01-10,North,Manchester,Home Office,Online,P-006,4,0,387.34,9.5
ORD-102034,2024-09-23,2024-09-25,West,Cardiff,Corporate,B2B Sales,P-010,14,0,88.25,6.48
ORD-102035,2025-07-23,2025-07-26,South,Brighton,Home Office,Retail Store,P-006,2,0,217.37,7
ORD-102036,2025-09-15,2025-09-20,West,Liverpool,Small Business,Online,P-011,7,0,112.69,7.65
ORD-102037,2025-08-05,2025-08-09,East,Peterborough,Home Office,Online,P-010,18,0,105.07,12.6
ORD-102038,2024-12-08,2024-12-10,North,Manchester,Corporate,Retail Store,P-007,4,0,321.57,5.7
ORD-102039,2024-07-24,2024-07-28,West,Birmingham,Small Business,Retail Store,P-003,3,0,304.49,6.84
ORD-102040,2025-05-04,2025-05-07,North,Manchester,Corporate,B2B Sales,P-006,3,0.15,306.67,4.95
ORD-102041,2024-03-01,2024-03-07,South,Bristol,Corporate,Retail Store,P-004,4,0.1,352.13,8.22
ORD-102042,2024-05-17,2024-05-19,West,Cardiff,Corporate,Online,P-008,4,0.2,601.71,5.7
ORD-102043,2025-11-29,2025-12-05,East,Norwich,Home Office,Retail Store,P-004,4,0,582.09,13.7
ORD-102044,2024-05-05,2024-05-06,North,Manchester,Home Office,Retail Store,P-006,4,0,477.78,9.5
ORD-102045,2024-12-08,2024-12-11,North,Newcastle,Corporate,Online,P-011,9,0,195.72,8.55
ORD-102046,2024-04-22,2024-04-23,West,Liverpool,Home Office,B2B Sales,P-009,4,0.1,421.64,5.7
ORD-102047,2025-11-20,2025-11-26,East,Cambridge,Home Office,Retail Store,P-015,9,0,71.71,8.55
ORD-102048,2024-04-08,2024-04-12,North,Newcastle,Small Business,Online,P-013,10,0.15,103.07,9
ORD-102049,2025-09-10,2025-09-14,West,Cardiff,Home Office,Retail Store,P-006,3,0.25,265.55,4.95
ORD-102050,2024-06-23,2024-06-26,East,Peterborough,Corporate,Online,P-015,7,0,45.35,7.65
ORD-102051,2024-10-07,2024-10-11,South,Brighton,Corporate,Online,P-004,4,0,512.89,8.22
ORD-102052,2024-05-16,2024-05-22,East,Peterborough,Corporate,B2B Sales,P-011,14,0.1,193.41,6.48
ORD-102053,2025-11-11,2025-11-17,West,Birmingham,Corporate,Retail Store,P-003,7,0,1005.69,20.6
ORD-102054,2025-05-06,2025-05-08,East,Norwich,Small Business,B2B Sales,P-005,3,0,165.26,8.25
ORD-102055,2024-04-30,2024-05-03,North,Newcastle,Home Office,Retail Store,P-004,3,0.1,302.68,6.84
ORD-102056,2025-01-09,2025-01-14,West,Cardiff,Home Office,Retail Store,P-002,2,0.15,316.38,5.46
ORD-102057,2024-02-19,2024-02-22,South,London,Small Business,B2B Sales,P-009,4,0,442.57,5.7
ORD-102058,2024-10-10,2024-10-12,East,Cambridge,Corporate,B2B Sales,P-015,20,0.1,123.56,8.1
ORD-102059,2024-11-29,2024-11-30,East,Peterborough,Corporate,B2B Sales,P-001,4,0.25,1198.36,8.22
ORD-102060,2025-11-26,2025-11-30,West,Liverpool,Small Business,Retail Store,P-015,25,0.15,165.43,9.45
ORD-102061,2024-10-21,2024-10-24,North,Manchester,Home Office,Retail Store,P-007,2,0.1,123.73,4.2
ORD-102062,2025-06-13,2025-06-19,North,Leeds,Corporate,Retail Store,P-015,4,0.1,22.63,6.3
ORD-102063,2024-06-14,2024-06-15,East,Cambridge,Home Office,Retail Store,P-005,1,0,54.74,3.45
ORD-102064,2024-07-28,2024-07-30,East,Cambridge,Home Office,B2B Sales,P-011,12,0.15,142.47,5.94
ORD-102065,2024-12-28,2024-12-29,West,Liverpool,Corporate,Retail Store,P-003,4,0,679.71,8.22
ORD-102066,2025-05-15,2025-05-19,West,Birmingham,Home Office,Retail Store,P-009,1,0.15,105.91,5.75
ORD-102067,2025-12-18,2025-12-19,East,Peterborough,Small Business,Online,P-002,2,0,599.66,5.46
ORD-102068,2025-05-12,2025-05-15,South,Brighton,Corporate,Retail Store,P-001,4,0,1231.43,13.7
ORD-102069,2024-10-15,2024-10-17,North,Leeds,Home Office,Retail Store,P-006,1,0,123.43,3.45
ORD-102070,2024-09-13,2024-09-16,North,Newcastle,Corporate,Retail Store,P-002,2,0,464.95,9.1
ORD-102071,2025-04-27,2025-05-03,South,Brighton,Corporate,Online,P-004,2,0.25,164.36,9.1
ORD-102072,2024-11-20,2024-11-25,West,Birmingham,Corporate,B2B Sales,P-010,6,0,51.43,4.32
ORD-102073,2025-09-05,2025-09-08,West,Cardiff,Corporate,B2B Sales,P-014,3,0,85.99,3.51
ORD-102074,2025-01-18,2025-01-19,North,Newcastle,Home Office,B2B Sales,P-002,4,0,727.35,8.22
ORD-102075,2024-11-30,2024-12-06,East,Norwich,Corporate,Retail Store,P-006,4,0,624.93,5.7
ORD-102076,2025-12-05,2025-12-09,East,Norwich,Home Office,Retail Store,P-002,1,0.05,274.07,4.08
ORD-102077,2025-09-07,2025-09-11,East,Cambridge,Corporate,Online,P-002,3,0.25,489.17,6.84
ORD-102078,2024-03-14,2024-03-18,East,Norwich,Corporate,B2B Sales,P-006,3,0.2,241.56,4.95
ORD-102079,2025-02-19,2025-02-24,East,Norwich,Corporate,Retail Store,P-002,4,0,742.62,8.22
ORD-102080,2025-10-01,2025-10-02,North,Manchester,Small Business,Retail Store,P-002,2,0.25,375.18,5.46
ORD-102081,2024-07-17,2024-07-19,East,Peterborough,Corporate,Retail Store,P-015,10,0,56.88,9
ORD-102082,2024-12-09,2024-12-13,South,Bristol,Home Office,Retail Store,P-007,4,0,310.8,9.5
ORD-102083,2025-04-01,2025-04-05,West,Birmingham,Home Office,Retail Store,P-004,2,0.1,182.23,9.1
ORD-102084,2024-04-29,2024-04-30,South,Bristol,Corporate,B2B Sales,P-015,11,0,63.73,5.67
ORD-102085,2024-01-26,2024-02-01,East,Cambridge,Corporate,Retail Store,P-015,7,0.1,32.29,4.59
ORD-102086,2024-07-06,2024-07-07,South,London,Small Business,Online,P-003,4,0.05,373.6,13.7
ORD-102087,2025-08-06,2025-08-07,North,Manchester,Corporate,Online,P-002,3,0,571.35,6.84
ORD-102088,2025-11-16,2025-11-18,West,Birmingham,Small Business,Retail Store,P-010,6,0.15,43.72,7.2
ORD-102089,2024-03-17,2024-03-20,South,Bristol,Home Office,B2B Sales,P-012,7,0,56.53,4.59
ORD-102090,2025-02-16,2025-02-21,West,Cardiff,Corporate,Online,P-012,10,0,70.85,5.4
ORD-102091,2024-06-03,2024-06-07,North,Newcastle,Home Office,Online,P-003,2,0,235.51,9.1
ORD-102092,2024-03-31,2024-04-06,South,Brighton,Corporate,Online,P-004,3,0.2,254.68,11.4
ORD-102093,2024-07-02,2024-07-03,East,Peterborough,Home Office,Retail Store,P-012,13,0,93.75,6.21
ORD-102094,2025-11-26,2025-11-30,East,Norwich,Small Business,B2B Sales,P-013,6,0,102.91,4.32
ORD-102095,2024-02-01,2024-02-04,South,London,Home Office,B2B Sales,P-013,14,0,156.68,6.48
ORD-102096,2024-03-13,2024-03-14,West,Liverpool,Small Business,Retail Store,P-010,13,0,73.67,6.21
ORD-102097,2024-01-10,2024-01-13,West,Cardiff,Small Business,B2B Sales,P-013,7,0,77.78,7.65
ORD-102098,2025-08-02,2025-08-06,West,Liverpool,Corporate,Retail Store,P-002,1,0.25,144.49,4.08
ORD-102099,2025-05-20,2025-05-22,West,Liverpool,Home Office,B2B Sales,P-006,2,0,221.19,7
ORD-102100,2024-08-14,2024-08-16,North,Manchester,Home Office,B2B Sales,P-015,11,0,65.44,9.45
ORD-102101,2025-06-08,2025-06-14,South,London,Small Business,Online,P-014,13,0,393.1,6.21
ORD-102102,2024-12-25,2024-12-28,West,Cardiff,Home Office,Retail Store,P-008,2,0.25,429.8,4.2
ORD-102103,2024-08-22,2024-08-26,East,Norwich,Home Office,Retail Store,P-005,3,0.1,132.03,4.95
ORD-102104,2024-08-20,2024-08-25,West,Birmingham,Home Office,Retail Store,P-003,2,0,225.27,9.1
ORD-102105,2024-06-08,2024-06-13,West,Cardiff,Corporate,Retail Store,P-011,8,0.1,106.07,4.86
ORD-102106,2025-07-28,2025-07-30,West,Birmingham,Small Business,Online,P-007,2,0.1,96.88,4.2
ORD-102107,2025-11-04,2025-11-08,West,Liverpool,Corporate,Retail Store,P-003,1,0,150.12,6.8
ORD-102108,2025-07-09,2025-07-14,North,Manchester,Home Office,Online,P-006,5,0.25,365.35,6.45
ORD-102109,2025-10-16,2025-10-17,North,Manchester,Small Business,Retail Store,P-007,1,0.25,49.68,3.45
ORD-102110,2024-05-14,2024-05-15,West,Cardiff,Small Business,B2B Sales,P-010,25,0,160.48,9.45
ORD-102111,2024-11-29,2024-12-02,West,Liverpool,Home Office,Retail Store,P-003,1,0,149.22,4.08
ORD-102112,2025-10-08,2025-10-11,South,London,Small Business,Online,P-004,5,0,616.98,16
ORD-102113,2025-05-25,2025-05-31,West,Cardiff,Home Office,Retail Store,P-005,2,0,98.96,7
ORD-102114,2024-03-09,2024-03-14,East,Cambridge,Small Business,Retail Store,P-004,3,0.1,262.68,6.84
ORD-102115,2024-07-09,2024-07-10,East,Cambridge,Corporate,B2B Sales,P-015,13,0,69.2,6.21
ORD-102116,2024-11-08,2024-11-13,West,Cardiff,Corporate,Retail Store,P-009,3,0,522.3,8.25
ORD-102117,2024-02-08,2024-02-12,West,Liverpool,Corporate,B2B Sales,P-014,8,0.1,184.5,4.86
ORD-102118,2024-08-30,2024-09-02,South,Brighton,Small Business,Online,P-006,4,0,437.37,5.7
ORD-102119,2024-04-06,2024-04-07,West,Liverpool,Small Business,Retail Store,P-002,2,0,390.79,5.46
ORD-102120,2024-01-05,2024-01-10,North,Leeds,Corporate,B2B Sales,P-001,7,0,1697.1,20.6
ORD-102121,2025-09-14,2025-09-19,South,Brighton,Home Office,B2B Sales,P-008,3,0,615.14,8.25
ORD-102122,2024-04-26,2024-04-29,North,Manchester,Corporate,Retail Store,P-011,7,0,97.73,4.59
ORD-102123,2024-06-27,2024-07-01,East,Peterborough,Home Office,B2B Sales,P-006,4,0.15,385.1,5.7
ORD-102124,2024-04-13,2024-04-14,West,Cardiff,Home Office,B2B Sales,P-003,4,0,452.34,8.22
ORD-102125,2024-02-14,2024-02-19,North,Manchester,Home Office,Retail Store,P-007,3,0.25,117.29,8.25
ORD-102126,2025-07-23,2025-07-25,South,Brighton,Home Office,Online,P-006,1,0,108.56,5.75
ORD-102127,2025-04-17,2025-04-20,East,Cambridge,Small Business,Online,P-008,4,0.1,640.49,5.7
ORD-102128,2025-11-19,2025-11-24,East,Peterborough,Home Office,Online,P-005,1,0.05,66.11,3.45
ORD-102129,2025-12-09,2025-12-10,West,Birmingham,Home Office,Online,P-014,11,0.15,389.21,9.45
ORD-102130,2024-07-21,2024-07-23,West,Liverpool,Small Business,Online,P-011,10,0,136.55,9
ORD-102131,2025-06-04,2025-06-05,East,Cambridge,Corporate,B2B Sales,P-005,3,0.15,134.96,4.95
ORD-102132,2024-03-04,2024-03-10,West,Liverpool,Home Office,Online,P-005,4,0,192.75,9.5
ORD-102133,2024-07-11,2024-07-12,North,Newcastle,Home Office,B2B Sales,P-002,2,0.25,269.16,5.46
ORD-102134,2025-01-16,2025-01-17,East,Peterborough,Corporate,Retail Store,P-004,5,0.25,368.05,16
ORD-102135,2025-02-03,2025-02-04,South,Brighton,Small Business,Retail Store,P-008,4,0,707.84,5.7
ORD-102136,2024-10-28,2024-11-03,West,Cardiff,Small Business,Online,P-007,2,0,133.68,7
ORD-102137,2024-08-16,2024-08-17,West,Liverpool,Small Business,Online,P-015,6,0.15,30.45,4.32
ORD-102138,2024-04-25,2024-04-29,North,Newcastle,Corporate,Online,P-013,7,0,84.56,4.59
ORD-102139,2025-08-09,2025-08-15,West,Liverpool,Small Business,B2B Sales,P-004,1,0,105.14,4.08
ORD-102140,2024-02-22,2024-02-28,South,Bristol,Small Business,Online,P-012,14,0,109.95,6.48
ORD-102141,2025-06-15,2025-06-21,South,Bristol,Home Office,Online,P-003,3,0,365.02,11.4
ORD-102142,2024-08-30,2024-08-31,East,Peterborough,Small Business,Online,P-007,2,0,106.22,7
ORD-102143,2025-07-15,2025-07-18,East,Cambridge,Corporate,Online,P-010,6,0,31.44,4.32
ORD-102144,2024-10-06,2024-10-09,West,Birmingham,Small Business,Retail Store,P-005,3,0.2,140.24,4.95
ORD-102145,2024-12-15,2024-12-16,East,Norwich,Corporate,Retail Store,P-013,11,0,193.19,5.67
ORD-102146,2024-06-25,2024-06-30,East,Norwich,Small Business,Retail Store,P-004,4,0,436.4,8.22
ORD-102147,2025-07-13,2025-07-19,West,Cardiff,Corporate,B2B Sales,P-013,4,0,45.09,6.3
ORD-102148,2025-12-10,2025-12-16,East,Norwich,Small Business,Retail Store,P-003,4,0.15,552.9,13.7
ORD-102149,2025-12-18,2025-12-22,East,Peterborough,Small Business,B2B Sales,P-014,12,0,468.69,9.9
ORD-102150,2025-08-13,2025-08-17,West,Liverpool,Small Business,Online,P-002,2,0,396.87,5.46
ORD-102151,2024-06-12,2024-06-13,West,Birmingham,Home Office,Retail Store,P-015,7,0,42.68,7.65
ORD-102152,2025-06-01,2025-06-04,East,Peterborough,Small Business,Online,P-013,9,0.1,105.5,8.55
ORD-102153,2024-06-12,2024-06-16,South,Brighton,Small Business,Retail Store,P-015,11,0.1,62.19,5.67
ORD-102154,2025-09-25,2025-09-26,West,Birmingham,Small Business,Online,P-011,9,0.1,125.28,8.55
ORD-102155,2024-09-01,2024-09-06,East,Norwich,Home Office,Online,P-005,3,0.2,130.64,4.95
ORD-102156,2025-05-18,2025-05-23,West,Liverpool,Corporate,B2B Sales,P-002,4,0,881.04,13.7
ORD-102157,2025-01-04,2025-01-05,West,Birmingham,Home Office,Retail Store,P-014,8,0.1,165.81,8.1
ORD-102158,2024-09-03,2024-09-04,West,Cardiff,Home Office,Online,P-009,2,0,268.91,4.2
ORD-102159,2025-07-21,2025-07-24,East,Norwich,Small Business,Online,P-010,13,0.15,58.06,10.35
ORD-102160,2024-05-12,2024-05-17,East,Peterborough,Corporate,B2B Sales,P-003,4,0,480.82,8.22
ORD-102161,2025-06-06,2025-06-10,East,Peterborough,Small Business,B2B Sales,P-013,13,0,168.38,6.21
ORD-102162,2025-03-14,2025-03-16,West,Cardiff,Corporate,B2B Sales,P-013,3,0,35.48,3.51
ORD-102163,2025-04-04,2025-04-09,East,Cambridge,Home Office,B2B Sales,P-003,2,0.25,161.47,5.46
ORD-102164,2024-01-18,2024-01-23,East,Peterborough,Corporate,Retail Store,P-015,11,0,59.33,9.45
ORD-102165,2024-11-26,2024-11-29,North,Manchester,Small Business,Online,P-002,4,0.15,974.77,8.22
ORD-102166,2024-04-03,2024-04-05,South,Brighton,Corporate,Online,P-004,2,0,202.78,5.46
ORD-102167,2024-06-22,2024-06-26,East,Peterborough,Corporate,B2B Sales,P-015,11,0.2,58.99,9.45
ORD-102168,2024-12-27,2024-12-30,West,Birmingham,Corporate,B2B Sales,P-014,22,0.15,764.35,8.64
ORD-102169,2025-12-21,2025-12-23,West,Cardiff,Home Office,B2B Sales,P-011,8,0.05,162.56,4.86
ORD-102170,2024-07-03,2024-07-08,South,Brighton,Corporate,Online,P-012,10,0,79.32,9
ORD-102171,2025-02-07,2025-02-13,North,Leeds,Home Office,Online,P-005,1,0,43.97,3.45
ORD-102172,2024-05-27,2024-06-02,South,London,Home Office,Retail Store,P-014,13,0,370.26,6.21
ORD-102173,2025-12-13,2025-12-17,West,Birmingham,Small Business,Online,P-001,4,0,1714.39,8.22
ORD-102174,2024-03-31,2024-04-05,West,Birmingham,Home Office,B2B Sales,P-015,8,0,44.35,4.86
ORD-102175,2025-02-20,2025-02-25,East,Norwich,Small Business,Online,P-002,3,0,578.3,6.84
ORD-102176,2025-01-24,2025-01-28,South,Bristol,Small Business,Retail Store,P-009,4,0,420.03,5.7
ORD-102177,2024-10-31,2024-11-06,East,Norwich,Home Office,B2B Sales,P-010,14,0.1,87.99,6.48
ORD-102178,2024-10-03,2024-10-05,South,Bristol,Home Office,Retail Store,P-006,1,0,122.97,3.45
ORD-102179,2024-08-06,2024-08-12,West,Liverpool,Small Business,Retail Store,P-008,4,0.15,631.73,5.7
ORD-102180,2024-11-16,2024-11-22,East,Norwich,Home Office,Retail Store,P-010,5,0,41.07,4.05
ORD-102181,2025-01-04,2025-01-08,West,Birmingham,Home Office,Online,P-011,14,0.25,132.1,6.48
ORD-102182,2024-03-13,2024-03-14,South,London,Corporate,B2B Sales,P-005,3,0.25,103.3,8.25
ORD-102183,2024-06-15,2024-06-17,North,Manchester,Small Business,B2B Sales,P-004,2,0,217.13,5.46
ORD-102184,2025-07-08,2025-07-10,North,Manchester,Home Office,B2B Sales,P-004,3,0.2,232.45,11.4
ORD-102185,2025-10-21,2025-10-27,West,Cardiff,Small Business,Online,P-012,10,0,90.99,5.4
ORD-102186,2024-09-09,2024-09-15,East,Norwich,Corporate,B2B Sales,P-014,12,0,349.38,5.94
ORD-102187,2024-06-04,2024-06-05,West,Liverpool,Small Business,B2B Sales,P-002,1,0.1,196.64,4.08
ORD-102188,2024-03-17,2024-03-21,West,Birmingham,Small Business,Retail Store,P-002,2,0,393.58,9.1
ORD-102189,2025-07-01,2025-07-04,North,Leeds,Small Business,Online,P-015,23,0,128.15,8.91
ORD-102190,2024-11-25,2024-11-30,West,Liverpool,Small Business,B2B Sales,P-009,2,0,325.78,7
ORD-102191,2024-05-15,2024-05-18,North,Newcastle,Corporate,Online,P-008,3,0,582.96,4.95
ORD-102192,2024-08-21,2024-08-22,North,Manchester,Corporate,Online,P-012,6,0,44.5,4.32
ORD-102193,2025-03-01,2025-03-07,North,Leeds,Small Business,Online,P-010,10,0,56.54,5.4
ORD-102194,2024-07-22,2024-07-27,East,Cambridge,Corporate,Retail Store,P-011,8,0,102.75,4.86
ORD-102195,2025-09-16,2025-09-18,North,Leeds,Corporate,Retail Store,P-008,1,0,200.71,5.75
ORD-102196,2025-07-31,2025-08-05,South,London,Corporate,B2B Sales,P-009,4,0,450.1,9.5
ORD-102197,2025-09-30,2025-10-04,West,Birmingham,Corporate,B2B Sales,P-008,2,0,427.98,4.2
ORD-102198,2024-03-29,2024-03-31,West,Liverpool,Small Business,B2B Sales,P-015,13,0,72.97,10.35
ORD-102199,2024-03-20,2024-03-23,East,Cambridge,Small Business,B2B Sales,P-002,4,0.15,672.95,13.7
ORD-102200,2024-03-16,2024-03-20,South,Bristol,Corporate,B2B Sales,P-001,5,0,1303.82,9.6
ORD-102201,2024-06-27,2024-07-01,South,Bristol,Corporate,Retail Store,P-004,3,0.2,264.41,11.4
ORD-102202,2024-05-28,2024-06-01,South,London,Small Business,B2B Sales,P-001,1,0,300.76,6.8
ORD-102203,2024-12-16,2024-12-18,South,Bristol,Home Office,Retail Store,P-008,1,0,288.69,3.45
ORD-102204,2024-07-06,2024-07-11,West,Liverpool,Small Business,Online,P-001,2,0.2,404.34,9.1
ORD-102205,2024-07-12,2024-07-13,East,Peterborough,Corporate,Retail Store,P-008,2,0.15,303.09,7
ORD-102206,2024-02-16,2024-02-18,West,Birmingham,Corporate,B2B Sales,P-009,2,0,223.57,7
ORD-102207,2025-08-29,2025-09-01,East,Cambridge,Corporate,Online,P-012,8,0.1,59.16,4.86
ORD-102208,2024-04-28,2024-04-29,East,Cambridge,Home Office,B2B Sales,P-015,5,0.25,22.41,4.05
ORD-102209,2025-04-10,2025-04-11,North,Manchester,Home Office,Online,P-015,10,0.2,50.13,5.4
ORD-102210,2025-01-17,2025-01-21,South,Brighton,Small Business,Online,P-002,4,0,690.8,8.22
ORD-102211,2025-01-30,2025-02-02,North,Manchester,Small Business,Retail Store,P-014,13,0.15,277.25,6.21
ORD-102212,2025-10-16,2025-10-22,North,Leeds,Corporate,Retail Store,P-010,11,0.15,63.87,5.67
ORD-102213,2025-04-19,2025-04-24,East,Norwich,Corporate,Retail Store,P-011,4,0.2,43.81,3.78
ORD-102214,2024-03-16,2024-03-22,East,Peterborough,Small Business,Online,P-010,11,0.05,61.58,5.67
ORD-102215,2024-04-04,2024-04-06,South,Brighton,Small Business,Retail Store,P-002,4,0.05,732.01,8.22
ORD-102216,2025-10-23,2025-10-26,West,Liverpool,Corporate,B2B Sales,P-006,1,0,123.18,3.45
ORD-102217,2025-11-19,2025-11-23,North,Leeds,Home Office,B2B Sales,P-003,1,0,157.14,6.8
ORD-102218,2024-08-07,2024-08-13,West,Birmingham,Corporate,B2B Sales,P-012,13,0,103.25,10.35
ORD-102219,2024-03-03,2024-03-05,East,Peterborough,Corporate,Online,P-013,5,0,54.51,4.05
ORD-102220,2024-02-09,2024-02-11,North,Newcastle,Home Office,Online,P-007,2,0,98.32,4.2
ORD-102221,2025-07-23,2025-07-24,North,Leeds,Corporate,B2B Sales,P-013,3,0,32.83,5.85
ORD-102222,2024-11-10,2024-11-15,North,Newcastle,Home Office,B2B Sales,P-011,25,0,513.38,9.45
ORD-102223,2025-10-24,2025-10-25,South,Brighton,Home Office,Online,P-001,3,0,974.08,6.84
ORD-102224,2024-08-25,2024-08-29,East,Norwich,Small Business,Online,P-015,11,0.2,49.19,5.67
ORD-102225,2025-05-30,2025-06-02,North,Leeds,Small Business,B2B Sales,P-007,1,0.05,53.04,3.45
ORD-102226,2025-11-18,2025-11-22,East,Norwich,Corporate,Retail Store,P-015,5,0,40.63,4.05
ORD-102227,2024-06-07,2024-06-09,East,Norwich,Small Business,Online,P-013,14,0.15,143.89,10.8
ORD-102228,2024-01-08,2024-01-11,West,Birmingham,Corporate,B2B Sales,P-011,9,0,118.62,5.13
ORD-102229,2025-11-16,2025-11-20,South,Brighton,Home Office,B2B Sales,P-009,3,0.25,395.44,4.95
ORD-102230,2025-06-06,2025-06-09,West,Cardiff,Small Business,Online,P-001,4,0,1243.29,13.7
ORD-102231,2025-09-07,2025-09-13,South,Brighton,Corporate,Retail Store,P-003,3,0.05,346.96,6.84
ORD-102232,2024-05-15,2024-05-21,South,Brighton,Corporate,Online,P-009,1,0.15,108.05,3.45
ORD-102233,2024-12-23,2024-12-26,West,Birmingham,Home Office,Online,P-007,2,0.1,137.26,4.2
ORD-102234,2024-03-11,2024-03-12,North,Newcastle,Small Business,B2B Sales,P-004,2,0.15,179.66,5.46
ORD-102235,2025-02-05,2025-02-06,North,Leeds,Corporate,Online,P-004,5,0,461.64,9.6
ORD-102236,2025-10-13,2025-10-15,East,Norwich,Home Office,B2B Sales,P-014,11,0.15,284.54,9.45
ORD-102237,2025-08-07,2025-08-10,West,Liverpool,Small Business,Retail Store,P-008,1,0.1,168.89,3.45
ORD-102238,2024-05-06,2024-05-07,South,Brighton,Small Business,Online,P-013,5,0.1,56.54,6.75
ORD-102239,2024-04-17,2024-04-18,East,Peterborough,Corporate,Online,P-008,3,0.25,449.08,8.25
ORD-102240,2024-08-03,2024-08-08,West,Birmingham,Small Business,B2B Sales,P-012,6,0,49.35,4.32
ORD-102241,2024-01-30,2024-02-02,East,Peterborough,Small Business,B2B Sales,P-005,2,0,93.7,4.2
ORD-102242,2025-09-18,2025-09-19,North,Newcastle,Corporate,Online,P-001,4,0.1,1125.8,13.7
ORD-102243,2024-05-07,2024-05-13,East,Peterborough,Home Office,Online,P-002,4,0,812,13.7
ORD-102244,2024-07-05,2024-07-07,East,Cambridge,Small Business,Online,P-011,3,0.1,35.18,3.51
ORD-102245,2024-11-13,2024-11-17,West,Birmingham,Small Business,Online,P-008,1,0.25,203.69,3.45
ORD-102246,2024-01-16,2024-01-20,South,Bristol,Corporate,Online,P-012,14,0,100.4,10.8
ORD-102247,2024-08-18,2024-08-24,West,Liverpool,Home Office,Retail Store,P-010,13,0.25,53.53,6.21
ORD-102248,2025-08-29,2025-08-31,North,Leeds,Small Business,Retail Store,P-010,9,0,54.26,5.13
ORD-102249,2024-10-30,2024-10-31,West,Cardiff,Corporate,B2B Sales,P-005,2,0,122.84,7
ORD-102250,2025-05-10,2025-05-16,West,Birmingham,Home Office,Retail Store,P-013,12,0.2,120.99,5.94
ORD-102251,2024-06-05,2024-06-07,South,London,Home Office,Online,P-015,13,0,81.18,6.21
ORD-102252,2025-07-22,2025-07-24,North,Manchester,Corporate,B2B Sales,P-015,5,0.1,23.98,4.05
ORD-102253,2025-09-09,2025-09-15,North,Leeds,Small Business,B2B Sales,P-003,1,0.15,108.91,4.08
ORD-102254,2025-08-17,2025-08-21,North,Leeds,Corporate,Retail Store,P-001,1,0,280.19,4.08
ORD-102255,2024-07-21,2024-07-26,South,Bristol,Small Business,Retail Store,P-007,1,0,53.4,3.45
ORD-102256,2025-05-30,2025-06-05,North,Leeds,Small Business,Online,P-015,6,0,36.3,4.32
ORD-102257,2024-06-19,2024-06-20,East,Cambridge,Corporate,Online,P-001,5,0,1464.92,9.6
ORD-102258,2025-07-09,2025-07-14,North,Manchester,Small Business,Retail Store,P-015,4,0,23.59,6.3
ORD-102259,2025-07-06,2025-07-08,North,Newcastle,Home Office,Retail Store,P-003,2,0.15,166.51,5.46
ORD-102260,2025-04-06,2025-04-07,East,Peterborough,Small Business,Online,P-008,1,0,177.37,3.45
ORD-102261,2024-05-22,2024-05-27,East,Norwich,Home Office,B2B Sales,P-002,4,0,844.78,13.7
ORD-102262,2025-01-17,2025-01-18,North,Leeds,Corporate,Retail Store,P-006,3,0.05,286.43,4.95
ORD-102263,2024-05-11,2024-05-17,West,Cardiff,Small Business,Online,P-013,3,0,35.33,5.85
ORD-102264,2025-11-24,2025-11-25,West,Cardiff,Small Business,B2B Sales,P-013,3,0,51.13,5.85
ORD-102265,2025-09-25,2025-10-01,North,Manchester,Home Office,Retail Store,P-006,1,0,118.53,5.75
ORD-102266,2025-12-06,2025-12-12,East,Cambridge,Home Office,Online,P-014,23,0.15,756.47,14.85
ORD-102267,2025-10-28,2025-10-29,West,Liverpool,Corporate,B2B Sales,P-012,11,0.1,90.28,5.67
ORD-102268,2024-10-06,2024-10-10,South,London,Corporate,Retail Store,P-009,4,0,613.22,9.5
ORD-102269,2024-01-05,2024-01-09,East,Norwich,Small Business,Retail Store,P-003,3,0,305.89,11.4
ORD-102270,2025-11-21,2025-11-26,East,Norwich,Corporate,B2B Sales,P-007,1,0.15,68.16,3.45
ORD-102271,2024-08-28,2024-09-02,East,Peterborough,Home Office,Online,P-002,2,0,383.24,5.46
ORD-102272,2025-06-28,2025-06-30,South,London,Small Business,B2B Sales,P-009,3,0.15,319.81,4.95
ORD-102273,2024-10-17,2024-10-21,West,Cardiff,Corporate,B2B Sales,P-003,1,0,133.73,6.8
ORD-102274,2024-07-14,2024-07-16,South,London,Home Office,B2B Sales,P-011,7,0,99.38,4.59
ORD-102275,2025-03-18,2025-03-19,West,Cardiff,Small Business,Retail Store,P-013,13,0,148.85,10.35
ORD-102276,2025-06-29,2025-07-05,West,Liverpool,Corporate,Online,P-008,1,0.1,188.09,3.45
ORD-102277,2024-02-08,2024-02-13,East,Norwich,Corporate,B2B Sales,P-003,1,0.25,79.86,6.8
ORD-102278,2024-06-24,2024-06-27,South,Bristol,Small Business,Online,P-003,2,0,237.66,9.1
ORD-102279,2025-08-04,2025-08-08,North,Manchester,Small Business,Retail Store,P-015,4,0,23.21,3.78
ORD-102280,2024-09-17,2024-09-21,South,London,Corporate,B2B Sales,P-011,6,0,97.43,7.2
ORD-102281,2024-06-22,2024-06-24,West,Cardiff,Small Business,B2B Sales,P-001,2,0,585.81,5.46
ORD-102282,2024-12-31,2025-01-03,South,London,Small Business,Online,P-014,22,0.2,734.64,14.4
ORD-102283,2025-03-22,2025-03-26,West,Cardiff,Corporate,Online,P-011,3,0,42.97,3.51
ORD-102284,2025-01-20,2025-01-21,North,Leeds,Corporate,Online,P-007,4,0,192.58,5.7
ORD-102285,2024-01-21,2024-01-25,West,Cardiff,Small Business,Retail Store,P-011,11,0,149.04,5.67
ORD-102286,2024-07-12,2024-07-18,North,Newcastle,Home Office,B2B Sales,P-002,2,0.2,292.92,5.46
ORD-102287,2024-03-26,2024-03-27,West,Liverpool,Home Office,B2B Sales,P-005,1,0,46.99,5.75
ORD-102288,2025-07-05,2025-07-08,West,Liverpool,Corporate,Online,P-001,3,0,787.8,11.4
ORD-102289,2025-02-07,2025-02-12,West,Birmingham,Home Office,Online,P-011,11,0.2,110.69,5.67
ORD-102290,2025-08-11,2025-08-17,West,Cardiff,Corporate,Retail Store,P-003,2,0,212.86,5.46
ORD-102291,2024-02-04,2024-02-06,South,Brighton,Small Business,Retail Store,P-007,2,0.1,92.02,4.2
ORD-102292,2025-05-29,2025-06-01,South,Bristol,Corporate,Retail Store,P-008,3,0.15,517.75,4.95
ORD-102293,2025-04-26,2025-04-29,South,London,Home Office,B2B Sales,P-002,3,0.1,543.32,6.84
ORD-102294,2024-12-14,2024-12-19,West,Cardiff,Small Business,B2B Sales,P-006,5,0,839.34,10.75
ORD-102295,2024-04-16,2024-04-20,West,Cardiff,Corporate,Retail Store,P-005,3,0.1,131.51,4.95
ORD-102296,2025-12-03,2025-12-08,South,Brighton,Corporate,Retail Store,P-004,1,0.05,141.03,6.8
ORD-102297,2025-09-09,2025-09-14,North,Newcastle,Home Office,B2B Sales,P-012,5,0.15,37.03,4.05
ORD-102298,2024-07-24,2024-07-30,North,Leeds,Corporate,Retail Store,P-015,11,0.25,49.31,5.67
ORD-102299,2025-03-04,2025-03-08,North,Leeds,Home Office,B2B Sales,P-002,2,0,392.1,5.46
ORD-102300,2025-10-11,2025-10-12,East,Cambridge,Small Business,Online,P-007,4,0,269.04,5.7
ORD-102301,2025-12-24,2025-12-25,South,London,Corporate,Retail Store,P-010,7,0,61.15,4.59
ORD-102302,2025-04-20,2025-04-25,West,Birmingham,Home Office,Retail Store,P-007,4,0,214.34,5.7
ORD-102303,2024-08-09,2024-08-10,West,Cardiff,Corporate,B2B Sales,P-002,3,0,560.53,11.4
ORD-102304,2024-08-08,2024-08-11,North,Leeds,Corporate,Retail Store,P-014,5,0,136.13,6.75
ORD-102305,2025-11-23,2025-11-27,South,Bristol,Small Business,Retail Store,P-015,6,0,48.98,4.32
ORD-102306,2025-05-10,2025-05-13,North,Leeds,Home Office,Retail Store,P-002,2,0.25,332.5,5.46
ORD-102307,2024-07-16,2024-07-17,North,Leeds,Home Office,Retail Store,P-010,4,0.15,19.52,6.3
ORD-102308,2025-07-18,2025-07-23,East,Cambridge,Small Business,Online,P-009,4,0.2,353.66,9.5
ORD-102309,2025-07-03,2025-07-08,West,Liverpool,Small Business,B2B Sales,P-007,2,0.15,92.7,4.2
ORD-102310,2024-01-27,2024-01-28,East,Norwich,Home Office,Online,P-013,8,0.15,75.38,8.1
ORD-102311,2025-10-12,2025-10-14,East,Peterborough,Small Business,Online,P-010,5,0.2,29,6.75
ORD-102312,2025-05-15,2025-05-20,South,London,Corporate,B2B Sales,P-002,2,0.2,325.16,9.1
ORD-102313,2024-09-25,2024-09-27,West,Cardiff,Small Business,B2B Sales,P-007,5,0.05,298,6.45
ORD-102314,2024-10-22,2024-10-25,South,Bristol,Small Business,Online,P-009,3,0,430.88,8.25
ORD-102315,2024-10-11,2024-10-15,East,Norwich,Home Office,Retail Store,P-007,3,0,204.37,8.25
ORD-102316,2025-10-25,2025-10-28,South,Brighton,Corporate,B2B Sales,P-009,1,0,145.58,5.75
ORD-102317,2025-03-29,2025-04-03,West,Birmingham,Small Business,Online,P-002,4,0,730.35,8.22
ORD-102318,2024-11-07,2024-11-11,North,Newcastle,Corporate,Retail Store,P-010,8,0,66.74,4.86
ORD-102319,2024-11-04,2024-11-10,North,Manchester,Home Office,Retail Store,P-012,8,0.05,83.53,4.86
ORD-102320,2024-02-07,2024-02-08,South,Brighton,Home Office,B2B Sales,P-001,2,0,538.8,9.1
ORD-102321,2025-01-03,2025-01-06,North,Newcastle,Small Business,Retail Store,P-009,2,0.05,198.31,4.2
ORD-102322,2025-06-21,2025-06-27,South,London,Home Office,Online,P-008,3,0,631.41,8.25
ORD-102323,2024-10-17,2024-10-19,North,Leeds,Small Business,Online,P-001,4,0,1265.55,13.7
ORD-102324,2025-09-11,2025-09-14,West,Cardiff,Small Business,Retail Store,P-001,2,0.2,483.79,9.1
ORD-102325,2025-09-05,2025-09-09,South,London,Small Business,B2B Sales,P-012,9,0,77.96,8.55
ORD-102326,2024-12-27,2024-12-30,South,London,Small Business,Retail Store,P-006,4,0.2,524.52,5.7
ORD-102327,2025-10-13,2025-10-14,East,Peterborough,Small Business,B2B Sales,P-004,2,0.2,208.38,5.46
ORD-102328,2024-01-21,2024-01-25,North,Newcastle,Home Office,Retail Store,P-002,4,0,726.76,13.7
ORD-102329,2025-06-19,2025-06-24,North,Leeds,Small Business,Retail Store,P-011,14,0,212.23,6.48
ORD-102330,2025-03-28,2025-03-30,North,Manchester,Home Office,B2B Sales,P-004,2,0.25,150.02,9.1
ORD-102331,2025-11-23,2025-11-27,East,Cambridge,Small Business,Retail Store,P-007,1,0.25,55.31,3.45
ORD-102332,2024-10-12,2024-10-18,South,London,Small Business,B2B Sales,P-015,9,0.1,56.89,8.55
ORD-102333,2024-04-05,2024-04-10,East,Peterborough,Home Office,Online,P-001,3,0,852.92,6.84
ORD-102334,2025-10-03,2025-10-04,North,Newcastle,Small Business,Online,P-012,8,0.15,67.83,8.1
ORD-102335,2024-01-14,2024-01-18,East,Norwich,Home Office,B2B Sales,P-011,18,0.2,178.7,7.56
ORD-102336,2025-05-19,2025-05-23,East,Peterborough,Small Business,B2B Sales,P-003,4,0.15,370.94,8.22
ORD-102337,2024-04-12,2024-04-16,South,Bristol,Corporate,B2B Sales,P-011,5,0,71.21,4.05
ORD-102338,2025-03-23,2025-03-24,South,Brighton,Small Business,Online,P-002,2,0.05,376.8,5.46
ORD-102339,2024-10-02,2024-10-06,North,Newcastle,Small Business,Online,P-007,4,0.05,243.78,5.7
ORD-102340,2024-02-14,2024-02-19,West,Liverpool,Home Office,B2B Sales,P-008,1,0,175.35,5.75
ORD-102341,2025-11-17,2025-11-21,South,Brighton,Home Office,B2B Sales,P-012,4,0,45.47,3.78
ORD-102342,2025-11-07,2025-11-12,North,Leeds,Small Business,B2B Sales,P-012,12,0,132.25,9.9
ORD-102343,2025-12-01,2025-12-05,West,Cardiff,Small Business,Retail Store,P-004,7,0,1079.01,12.36
ORD-102344,2025-05-22,2025-05-24,North,Leeds,Corporate,Online,P-009,4,0,541.81,5.7
ORD-102345,2024-07-31,2024-08-05,East,Norwich,Small Business,B2B Sales,P-014,7,0,167.87,7.65
ORD-102346,2024-09-01,2024-09-07,South,Bristol,Small Business,B2B Sales,P-014,7,0,206.76,4.59
ORD-102347,2024-05-29,2024-06-02,North,Newcastle,Home Office,B2B Sales,P-001,1,0,303.79,4.08
ORD-102348,2025-04-11,2025-04-13,West,Cardiff,Home Office,B2B Sales,P-001,2,0.05,556.81,5.46
ORD-102349,2025-05-27,2025-06-01,East,Cambridge,Small Business,B2B Sales,P-005,3,0,161.81,4.95
ORD-102350,2024-06-24,2024-06-29,West,Cardiff,Small Business,B2B Sales,P-001,5,0.15,1268.3,16
ORD-102351,2025-10-10,2025-10-15,North,Leeds,Corporate,B2B Sales,P-008,2,0.05,414.29,4.2
ORD-102352,2024-03-18,2024-03-22,East,Peterborough,Corporate,Retail Store,P-002,1,0,203.53,4.08
ORD-102353,2025-02-03,2025-02-04,South,London,Corporate,Retail Store,P-001,4,0,1044.29,8.22
ORD-102354,2024-12-05,2024-12-11,South,Bristol,Corporate,Online,P-014,25,0,959.85,9.45
ORD-102355,2024-07-18,2024-07-19,East,Cambridge,Home Office,Online,P-007,2,0,105.66,4.2
ORD-102356,2024-11-23,2024-11-28,South,Brighton,Corporate,B2B Sales,P-008,2,0,509.88,4.2
ORD-102357,2025-12-10,2025-12-16,West,Cardiff,Home Office,Retail Store,P-003,2,0.1,278.03,5.46
ORD-102358,2025-03-09,2025-03-13,North,Leeds,Corporate,B2B Sales,P-014,5,0,130.12,4.05
ORD-102359,2025-02-18,2025-02-23,South,Brighton,Home Office,Online,P-014,11,0.15,229.17,5.67
ORD-102360,2024-05-29,2024-05-31,North,Manchester,Corporate,B2B Sales,P-014,5,0,139.01,4.05
ORD-102361,2025-06-25,2025-06-30,South,London,Home Office,B2B Sales,P-011,7,0,111.75,7.65
ORD-102362,2024-03-11,2024-03-13,East,Cambridge,Small Business,Retail Store,P-001,2,0,549.01,5.46
ORD-102363,2024-10-18,2024-10-19,North,Leeds,Home Office,B2B Sales,P-001,4,0,1292.85,8.22
ORD-102364,2025-08-20,2025-08-23,South,Bristol,Corporate,B2B Sales,P-008,2,0.25,265.63,4.2
ORD-102365,2025-01-10,2025-01-11,North,Newcastle,Corporate,Online,P-001,1,0,238.49,6.8
ORD-102366,2024-10-09,2024-10-11,South,London,Small Business,Online,P-010,4,0,28.24,3.78
ORD-102367,2025-09-12,2025-09-16,North,Manchester,Small Business,Retail Store,P-012,11,0.1,85.2,5.67
ORD-102368,2025-01-23,2025-01-25,North,Manchester,Corporate,B2B Sales,P-001,1,0,254.95,4.08
ORD-102369,2024-05-29,2024-05-31,West,Cardiff,Small Business,Online,P-003,3,0,363.24,11.4
ORD-102370,2025-08-22,2025-08-27,West,Birmingham,Small Business,Retail Store,P-013,8,0,91.64,4.86
ORD-102371,2025-01-29,2025-01-30,South,Brighton,Corporate,Retail Store,P-001,4,0,1064.61,8.22
ORD-102372,2024-12-27,2025-01-02,North,Leeds,Corporate,Retail Store,P-015,25,0,222.48,9.45
ORD-102373,2025-09-04,2025-09-08,West,Liverpool,Home Office,B2B Sales,P-006,3,0,363.97,4.95
ORD-102374,2025-07-31,2025-08-03,West,Birmingham,Small Business,Online,P-014,8,0.15,164.56,4.86
ORD-102375,2024-04-17,2024-04-19,South,London,Home Office,B2B Sales,P-004,4,0,427.29,8.22
ORD-102376,2025-08-27,2025-08-31,South,Brighton,Small Business,Online,P-002,2,0.25,296.27,9.1
ORD-102377,2024-03-19,2024-03-24,East,Norwich,Corporate,Retail Store,P-006,4,0.25,301.12,5.7
ORD-102378,2025-04-10,2025-04-11,West,Cardiff,Home Office,Retail Store,P-001,1,0.15,230.67,4.08
ORD-102379,2024-02-23,2024-02-28,North,Manchester,Home Office,B2B Sales,P-008,2,0.2,280.74,4.2
ORD-102380,2025-05-06,2025-05-12,East,Norwich,Corporate,Retail Store,P-006,2,0.05,217.17,4.2
ORD-102381,2024-07-27,2024-07-30,North,Leeds,Home Office,Retail Store,P-001,3,0,809.04,6.84
ORD-102382,2025-03-08,2025-03-09,South,London,Corporate,Retail Store,P-009,4,0,481.31,9.5
ORD-102383,2024-08-04,2024-08-05,North,Leeds,Corporate,Retail Store,P-008,2,0.2,309.19,7
ORD-102384,2025-07-31,2025-08-05,North,Leeds,Corporate,B2B Sales,P-006,1,0.25,74.4,5.75
ORD-102385,2025-09-25,2025-10-01,South,London,Small Business,Retail Store,P-009,4,0,552.82,5.7
ORD-102386,2025-11-02,2025-11-05,West,Cardiff,Small Business,Online,P-015,8,0.2,55.81,4.86
ORD-102387,2024-04-16,2024-04-21,North,Manchester,Corporate,Online,P-013,7,0.25,59.96,4.59
ORD-102388,2025-08-13,2025-08-17,North,Manchester,Corporate,Retail Store,P-008,2,0.2,275.48,7
ORD-102389,2024-04-01,2024-04-03,East,Cambridge,Home Office,Online,P-014,4,0,104.68,3.78
ORD-102390,2024-01-02,2024-01-08,South,Brighton,Small Business,B2B Sales,P-014,22,0.15,475.3,14.4
ORD-102391,2024-06-20,2024-06-23,North,Newcastle,Corporate,Online,P-007,1,0.25,41.91,5.75
ORD-102392,2024-08-12,2024-08-15,North,Leeds,Corporate,B2B Sales,P-005,2,0.05,97.76,4.2
ORD-102393,2024-06-22,2024-06-25,East,Peterborough,Corporate,B2B Sales,P-006,7,0.25,626.9,7.95
ORD-102394,2024-03-18,2024-03-19,West,Birmingham,Corporate,B2B Sales,P-014,7,0,175.28,4.59
ORD-102395,2024-06-04,2024-06-07,South,London,Corporate,Retail Store,P-011,3,0.15,37.9,5.85
ORD-102396,2025-05-22,2025-05-25,North,Manchester,Corporate,Retail Store,P-014,8,0,216.31,4.86
ORD-102397,2024-03-23,2024-03-28,South,Brighton,Corporate,Online,P-003,1,0.25,81.37,4.08
ORD-102398,2024-04-05,2024-04-08,South,Bristol,Small Business,B2B Sales,P-014,3,0.15,67.78,5.85
ORD-102399,2024-03-15,2024-03-16,East,Cambridge,Small Business,Online,P-012,3,0.25,17.14,3.51
ORD-102400,2024-03-31,2024-04-05,South,London,Small Business,Retail Store,P-011,3,0,42.06,5.85
